[
  {
    "pk": 1, 
    "model": "tournament_schenkel.schenkeltournament", 
    "fields": {
      "club": 1, 
      "rink": 1, 
      "name": "So'Curl 2012", 
      "end_date": "2012-05-27", 
      "start_date": "2012-05-25"
    }
  }, 
  {
    "pk": 1, 
    "model": "tournament_schenkel.schenkelround", 
    "fields": {
      "tournament": 1, 
      "type": "G", 
      "name": "1", 
      "order": 1
    }
  }, 
  {
    "pk": 2, 
    "model": "tournament_schenkel.schenkelround", 
    "fields": {
      "tournament": 1, 
      "type": "G", 
      "name": "2", 
      "order": 2
    }
  }, 
  {
    "pk": 3, 
    "model": "tournament_schenkel.schenkelround", 
    "fields": {
      "tournament": 1, 
      "type": "R", 
      "name": "3", 
      "order": 3
    }
  }, 
  {
    "pk": 4, 
    "model": "tournament_schenkel.schenkelround", 
    "fields": {
      "tournament": 1, 
      "type": "R", 
      "name": "4", 
      "order": 4
    }
  }, 
  {
    "pk": 5, 
    "model": "tournament_schenkel.schenkelround", 
    "fields": {
      "tournament": 1, 
      "type": "R", 
      "name": "5", 
      "order": 5
    }
  }, 
  {
    "pk": 1, 
    "model": "tournament_schenkel.schenkelgroup", 
    "fields": {
      "time_start": "12:00:00", 
      "name": "A", 
      "nb_teams": 6, 
      "time_end": "14:00:00", 
      "round": 1, 
      "current": false, 
      "finished": true, 
      "date": "2013-05-31", 
      "order": 1
    }
  }, 
  {
    "pk": 2, 
    "model": "tournament_schenkel.schenkelgroup", 
    "fields": {
      "time_start": "14:00:00", 
      "name": "B", 
      "nb_teams": 6, 
      "time_end": "16:00:00", 
      "round": 1, 
      "current": false, 
      "finished": false, 
      "date": "2013-05-31", 
      "order": 2
    }
  }, 
  {
    "pk": 3, 
    "model": "tournament_schenkel.schenkelgroup", 
    "fields": {
      "time_start": "08:00:00", 
      "name": "C", 
      "nb_teams": 6, 
      "time_end": "10:00:00", 
      "round": 1, 
      "current": false, 
      "finished": false, 
      "date": "2013-06-01", 
      "order": 3
    }
  }, 
  {
    "pk": 4, 
    "model": "tournament_schenkel.schenkelgroup", 
    "fields": {
      "time_start": "16:00:00", 
      "name": "A", 
      "nb_teams": 6, 
      "time_end": "18:00:00", 
      "round": 2, 
      "current": true, 
      "finished": false, 
      "date": "2013-05-31", 
      "order": 1
    }
  }, 
  {
    "pk": 5, 
    "model": "tournament_schenkel.schenkelgroup", 
    "fields": {
      "time_start": "10:00:00", 
      "name": "B", 
      "nb_teams": 6, 
      "time_end": "12:00:00", 
      "round": 2, 
      "current": false, 
      "finished": false, 
      "date": "2013-06-01", 
      "order": 2
    }
  }, 
  {
    "pk": 6, 
    "model": "tournament_schenkel.schenkelgroup", 
    "fields": {
      "time_start": "12:00:00", 
      "name": "C", 
      "nb_teams": 6, 
      "time_end": "14:00:00", 
      "round": 2, 
      "current": false, 
      "finished": false, 
      "date": "2013-06-01", 
      "order": 3
    }
  }, 
  {
    "pk": 7, 
    "model": "tournament_schenkel.schenkelgroup", 
    "fields": {
      "time_start": "14:00:00", 
      "name": "A", 
      "nb_teams": 6, 
      "time_end": "16:00:00", 
      "round": 3, 
      "current": false, 
      "finished": false, 
      "date": "2013-06-01", 
      "order": 1
    }
  }, 
  {
    "pk": 8, 
    "model": "tournament_schenkel.schenkelgroup", 
    "fields": {
      "time_start": "16:00:00", 
      "name": "B", 
      "nb_teams": 6, 
      "time_end": "18:00:00", 
      "round": 3, 
      "current": false, 
      "finished": false, 
      "date": "2013-06-01", 
      "order": 2
    }
  }, 
  {
    "pk": 9, 
    "model": "tournament_schenkel.schenkelgroup", 
    "fields": {
      "time_start": "18:00:00", 
      "name": "C", 
      "nb_teams": 6, 
      "time_end": "20:00:00", 
      "round": 3, 
      "current": false, 
      "finished": false, 
      "date": "2013-06-01", 
      "order": 3
    }
  }, 
  {
    "pk": 1, 
    "model": "tournament_schenkel.schenkelgroupranking", 
    "fields": {
      "stones": 10, 
      "ends": 7, 
      "group": 1, 
      "stones_received": 2, 
      "ex_aequo": false, 
      "rank": 1, 
      "points": 2, 
      "ends_received": 1, 
      "team": 3
    }
  }, 
  {
    "pk": 2, 
    "model": "tournament_schenkel.schenkelgroupranking", 
    "fields": {
      "stones": 7, 
      "ends": 4, 
      "group": 1, 
      "stones_received": 6, 
      "ex_aequo": false, 
      "rank": 2, 
      "points": 2, 
      "ends_received": 4, 
      "team": 5
    }
  }, 
  {
    "pk": 3, 
    "model": "tournament_schenkel.schenkelgroupranking", 
    "fields": {
      "stones": 8, 
      "ends": 4, 
      "group": 1, 
      "stones_received": 8, 
      "ex_aequo": true, 
      "rank": 3, 
      "points": 1, 
      "ends_received": 4, 
      "team": 1
    }
  }, 
  {
    "pk": 4, 
    "model": "tournament_schenkel.schenkelgroupranking", 
    "fields": {
      "stones": 8, 
      "ends": 4, 
      "group": 1, 
      "stones_received": 8, 
      "ex_aequo": true, 
      "rank": 3, 
      "points": 1, 
      "ends_received": 4, 
      "team": 2
    }
  }, 
  {
    "pk": 5, 
    "model": "tournament_schenkel.schenkelgroupranking", 
    "fields": {
      "stones": 6, 
      "ends": 4, 
      "group": 1, 
      "stones_received": 7, 
      "ex_aequo": false, 
      "rank": 5, 
      "points": 0, 
      "ends_received": 4, 
      "team": 6
    }
  }, 
  {
    "pk": 6, 
    "model": "tournament_schenkel.schenkelgroupranking", 
    "fields": {
      "stones": 2, 
      "ends": 1, 
      "group": 1, 
      "stones_received": 10, 
      "ex_aequo": false, 
      "rank": 6, 
      "points": 0, 
      "ends_received": 7, 
      "team": 4
    }
  }, 
  {
    "pk": 1, 
    "model": "tournament_schenkel.schenkelmatch", 
    "fields": {
      "sheet": 1, 
      "team_1": 1, 
      "team_2": 2, 
      "finished": true, 
      "group": 1, 
      "hammer": 1
    }
  }, 
  {
    "pk": 2, 
    "model": "tournament_schenkel.schenkelmatch", 
    "fields": {
      "sheet": 2, 
      "team_1": 3, 
      "team_2": 4, 
      "finished": true, 
      "group": 1, 
      "hammer": 4
    }
  }, 
  {
    "pk": 3, 
    "model": "tournament_schenkel.schenkelmatch", 
    "fields": {
      "sheet": 3, 
      "team_1": 5, 
      "team_2": 6, 
      "finished": true, 
      "group": 1, 
      "hammer": 6
    }
  }, 
  {
    "pk": 4, 
    "model": "tournament_schenkel.schenkelmatch", 
    "fields": {
      "sheet": 1, 
      "team_1": 7, 
      "team_2": 8, 
      "finished": false, 
      "group": 2, 
      "hammer": 8
    }
  }, 
  {
    "pk": 5, 
    "model": "tournament_schenkel.schenkelmatch", 
    "fields": {
      "sheet": 2, 
      "team_1": 9, 
      "team_2": 10, 
      "finished": false, 
      "group": 2, 
      "hammer": 9
    }
  }, 
  {
    "pk": 6, 
    "model": "tournament_schenkel.schenkelmatch", 
    "fields": {
      "sheet": 3, 
      "team_1": 11, 
      "team_2": 12, 
      "finished": false, 
      "group": 2, 
      "hammer": 12
    }
  }, 
  {
    "pk": 7, 
    "model": "tournament_schenkel.schenkelmatch", 
    "fields": {
      "sheet": 1, 
      "team_1": 13, 
      "team_2": 14, 
      "finished": false, 
      "group": 3, 
      "hammer": 14
    }
  }, 
  {
    "pk": 8, 
    "model": "tournament_schenkel.schenkelmatch", 
    "fields": {
      "sheet": 2, 
      "team_1": 15, 
      "team_2": 16, 
      "finished": false, 
      "group": 3, 
      "hammer": 15
    }
  }, 
  {
    "pk": 9, 
    "model": "tournament_schenkel.schenkelmatch", 
    "fields": {
      "sheet": 3, 
      "team_1": 17, 
      "team_2": 17, 
      "finished": false, 
      "group": 3, 
      "hammer": 17
    }
  }, 
  {
    "pk": 10, 
    "model": "tournament_schenkel.schenkelmatch", 
    "fields": {
      "sheet": 1, 
      "team_1": 3, 
      "team_2": 5, 
      "finished": true, 
      "group": 4, 
      "hammer": null
    }
  }, 
  {
    "pk": 11, 
    "model": "tournament_schenkel.schenkelmatch", 
    "fields": {
      "sheet": 2, 
      "team_1": 1, 
      "team_2": 2, 
      "finished": true, 
      "group": 4, 
      "hammer": null
    }
  }, 
  {
    "pk": 12, 
    "model": "tournament_schenkel.schenkelmatch", 
    "fields": {
      "sheet": 3, 
      "team_1": 6, 
      "team_2": 4, 
      "finished": true, 
      "group": 4, 
      "hammer": null
    }
  }, 
  {
    "pk": 13, 
    "model": "tournament_schenkel.schenkelmatch", 
    "fields": {
      "sheet": 1, 
      "team_1": null, 
      "team_2": null, 
      "finished": false, 
      "group": 5, 
      "hammer": null
    }
  }, 
  {
    "pk": 14, 
    "model": "tournament_schenkel.schenkelmatch", 
    "fields": {
      "sheet": 2, 
      "team_1": null, 
      "team_2": null, 
      "finished": false, 
      "group": 5, 
      "hammer": null
    }
  }, 
  {
    "pk": 15, 
    "model": "tournament_schenkel.schenkelmatch", 
    "fields": {
      "sheet": 3, 
      "team_1": null, 
      "team_2": null, 
      "finished": false, 
      "group": 5, 
      "hammer": null
    }
  }, 
  {
    "pk": 16, 
    "model": "tournament_schenkel.schenkelmatch", 
    "fields": {
      "sheet": 1, 
      "team_1": null, 
      "team_2": null, 
      "finished": false, 
      "group": 6, 
      "hammer": null
    }
  }, 
  {
    "pk": 17, 
    "model": "tournament_schenkel.schenkelmatch", 
    "fields": {
      "sheet": 2, 
      "team_1": null, 
      "team_2": null, 
      "finished": false, 
      "group": 6, 
      "hammer": null
    }
  }, 
  {
    "pk": 18, 
    "model": "tournament_schenkel.schenkelmatch", 
    "fields": {
      "sheet": 3, 
      "team_1": null, 
      "team_2": null, 
      "finished": false, 
      "group": 6, 
      "hammer": null
    }
  }, 
  {
    "pk": 19, 
    "model": "tournament_schenkel.schenkelmatch", 
    "fields": {
      "sheet": 1, 
      "team_1": null, 
      "team_2": null, 
      "finished": false, 
      "group": 7, 
      "hammer": null
    }
  }, 
  {
    "pk": 20, 
    "model": "tournament_schenkel.schenkelmatch", 
    "fields": {
      "sheet": 2, 
      "team_1": null, 
      "team_2": null, 
      "finished": false, 
      "group": 7, 
      "hammer": null
    }
  }, 
  {
    "pk": 21, 
    "model": "tournament_schenkel.schenkelmatch", 
    "fields": {
      "sheet": 3, 
      "team_1": null, 
      "team_2": null, 
      "finished": false, 
      "group": 7, 
      "hammer": null
    }
  }, 
  {
    "pk": 22, 
    "model": "tournament_schenkel.schenkelmatch", 
    "fields": {
      "sheet": 1, 
      "team_1": null, 
      "team_2": null, 
      "finished": false, 
      "group": 8, 
      "hammer": null
    }
  }, 
  {
    "pk": 23, 
    "model": "tournament_schenkel.schenkelmatch", 
    "fields": {
      "sheet": 2, 
      "team_1": null, 
      "team_2": null, 
      "finished": false, 
      "group": 8, 
      "hammer": null
    }
  }, 
  {
    "pk": 24, 
    "model": "tournament_schenkel.schenkelmatch", 
    "fields": {
      "sheet": 3, 
      "team_1": null, 
      "team_2": null, 
      "finished": false, 
      "group": 8, 
      "hammer": null
    }
  }, 
  {
    "pk": 25, 
    "model": "tournament_schenkel.schenkelmatch", 
    "fields": {
      "sheet": 1, 
      "team_1": null, 
      "team_2": null, 
      "finished": false, 
      "group": 9, 
      "hammer": null
    }
  }, 
  {
    "pk": 26, 
    "model": "tournament_schenkel.schenkelmatch", 
    "fields": {
      "sheet": 2, 
      "team_1": null, 
      "team_2": null, 
      "finished": false, 
      "group": 9, 
      "hammer": null
    }
  }, 
  {
    "pk": 27, 
    "model": "tournament_schenkel.schenkelmatch", 
    "fields": {
      "sheet": 3, 
      "team_1": null, 
      "team_2": null, 
      "finished": false, 
      "group": 9, 
      "hammer": null
    }
  }, 
  {
    "pk": 1, 
    "model": "tournament_schenkel.schenkelresult", 
    "fields": {
      "scoring": 2, 
      "end": 1, 
      "match": 1, 
      "team": 1
    }
  }, 
  {
    "pk": 3, 
    "model": "tournament_schenkel.schenkelresult", 
    "fields": {
      "scoring": 2, 
      "end": 3, 
      "match": 1, 
      "team": 1
    }
  }, 
  {
    "pk": 5, 
    "model": "tournament_schenkel.schenkelresult", 
    "fields": {
      "scoring": 2, 
      "end": 5, 
      "match": 1, 
      "team": 1
    }
  }, 
  {
    "pk": 7, 
    "model": "tournament_schenkel.schenkelresult", 
    "fields": {
      "scoring": 2, 
      "end": 7, 
      "match": 1, 
      "team": 1
    }
  }, 
  {
    "pk": 2, 
    "model": "tournament_schenkel.schenkelresult", 
    "fields": {
      "scoring": 2, 
      "end": 2, 
      "match": 1, 
      "team": 2
    }
  }, 
  {
    "pk": 4, 
    "model": "tournament_schenkel.schenkelresult", 
    "fields": {
      "scoring": 2, 
      "end": 4, 
      "match": 1, 
      "team": 2
    }
  }, 
  {
    "pk": 6, 
    "model": "tournament_schenkel.schenkelresult", 
    "fields": {
      "scoring": 2, 
      "end": 6, 
      "match": 1, 
      "team": 2
    }
  }, 
  {
    "pk": 8, 
    "model": "tournament_schenkel.schenkelresult", 
    "fields": {
      "scoring": 2, 
      "end": 8, 
      "match": 1, 
      "team": 2
    }
  }, 
  {
    "pk": 9, 
    "model": "tournament_schenkel.schenkelresult", 
    "fields": {
      "scoring": 2, 
      "end": 1, 
      "match": 2, 
      "team": 3
    }
  }, 
  {
    "pk": 10, 
    "model": "tournament_schenkel.schenkelresult", 
    "fields": {
      "scoring": 1, 
      "end": 2, 
      "match": 2, 
      "team": 3
    }
  }, 
  {
    "pk": 11, 
    "model": "tournament_schenkel.schenkelresult", 
    "fields": {
      "scoring": 2, 
      "end": 3, 
      "match": 2, 
      "team": 3
    }
  }, 
  {
    "pk": 12, 
    "model": "tournament_schenkel.schenkelresult", 
    "fields": {
      "scoring": 1, 
      "end": 4, 
      "match": 2, 
      "team": 3
    }
  }, 
  {
    "pk": 13, 
    "model": "tournament_schenkel.schenkelresult", 
    "fields": {
      "scoring": 1, 
      "end": 5, 
      "match": 2, 
      "team": 3
    }
  }, 
  {
    "pk": 14, 
    "model": "tournament_schenkel.schenkelresult", 
    "fields": {
      "scoring": 1, 
      "end": 6, 
      "match": 2, 
      "team": 3
    }
  }, 
  {
    "pk": 16, 
    "model": "tournament_schenkel.schenkelresult", 
    "fields": {
      "scoring": 2, 
      "end": 8, 
      "match": 2, 
      "team": 3
    }
  }, 
  {
    "pk": 15, 
    "model": "tournament_schenkel.schenkelresult", 
    "fields": {
      "scoring": 2, 
      "end": 7, 
      "match": 2, 
      "team": 4
    }
  }, 
  {
    "pk": 18, 
    "model": "tournament_schenkel.schenkelresult", 
    "fields": {
      "scoring": 2, 
      "end": 2, 
      "match": 3, 
      "team": 5
    }
  }, 
  {
    "pk": 20, 
    "model": "tournament_schenkel.schenkelresult", 
    "fields": {
      "scoring": 1, 
      "end": 4, 
      "match": 3, 
      "team": 5
    }
  }, 
  {
    "pk": 21, 
    "model": "tournament_schenkel.schenkelresult", 
    "fields": {
      "scoring": 2, 
      "end": 5, 
      "match": 3, 
      "team": 5
    }
  }, 
  {
    "pk": 23, 
    "model": "tournament_schenkel.schenkelresult", 
    "fields": {
      "scoring": 2, 
      "end": 7, 
      "match": 3, 
      "team": 5
    }
  }, 
  {
    "pk": 17, 
    "model": "tournament_schenkel.schenkelresult", 
    "fields": {
      "scoring": 2, 
      "end": 1, 
      "match": 3, 
      "team": 6
    }
  }, 
  {
    "pk": 19, 
    "model": "tournament_schenkel.schenkelresult", 
    "fields": {
      "scoring": 2, 
      "end": 3, 
      "match": 3, 
      "team": 6
    }
  }, 
  {
    "pk": 22, 
    "model": "tournament_schenkel.schenkelresult", 
    "fields": {
      "scoring": 1, 
      "end": 6, 
      "match": 3, 
      "team": 6
    }
  }, 
  {
    "pk": 24, 
    "model": "tournament_schenkel.schenkelresult", 
    "fields": {
      "scoring": 1, 
      "end": 8, 
      "match": 3, 
      "team": 6
    }
  }, 
  {
    "pk": 25, 
    "model": "tournament_schenkel.schenkelresult", 
    "fields": {
      "scoring": 2, 
      "end": 1, 
      "match": 10, 
      "team": 3
    }
  }, 
  {
    "pk": 27, 
    "model": "tournament_schenkel.schenkelresult", 
    "fields": {
      "scoring": 2, 
      "end": 3, 
      "match": 10, 
      "team": 3
    }
  }, 
  {
    "pk": 29, 
    "model": "tournament_schenkel.schenkelresult", 
    "fields": {
      "scoring": 1, 
      "end": 5, 
      "match": 10, 
      "team": 3
    }
  }, 
  {
    "pk": 31, 
    "model": "tournament_schenkel.schenkelresult", 
    "fields": {
      "scoring": 0, 
      "end": 7, 
      "match": 10, 
      "team": 3
    }
  }, 
  {
    "pk": 26, 
    "model": "tournament_schenkel.schenkelresult", 
    "fields": {
      "scoring": 1, 
      "end": 2, 
      "match": 10, 
      "team": 5
    }
  }, 
  {
    "pk": 28, 
    "model": "tournament_schenkel.schenkelresult", 
    "fields": {
      "scoring": 2, 
      "end": 4, 
      "match": 10, 
      "team": 5
    }
  }, 
  {
    "pk": 30, 
    "model": "tournament_schenkel.schenkelresult", 
    "fields": {
      "scoring": 2, 
      "end": 6, 
      "match": 10, 
      "team": 5
    }
  }, 
  {
    "pk": 48, 
    "model": "tournament_schenkel.schenkelresult", 
    "fields": {
      "scoring": 1, 
      "end": 8, 
      "match": 10, 
      "team": 5
    }
  }, 
  {
    "pk": 34, 
    "model": "tournament_schenkel.schenkelresult", 
    "fields": {
      "scoring": 1, 
      "end": 3, 
      "match": 11, 
      "team": 1
    }
  }, 
  {
    "pk": 36, 
    "model": "tournament_schenkel.schenkelresult", 
    "fields": {
      "scoring": 3, 
      "end": 5, 
      "match": 11, 
      "team": 1
    }
  }, 
  {
    "pk": 37, 
    "model": "tournament_schenkel.schenkelresult", 
    "fields": {
      "scoring": 1, 
      "end": 6, 
      "match": 11, 
      "team": 1
    }
  }, 
  {
    "pk": 38, 
    "model": "tournament_schenkel.schenkelresult", 
    "fields": {
      "scoring": 2, 
      "end": 7, 
      "match": 11, 
      "team": 1
    }
  }, 
  {
    "pk": 39, 
    "model": "tournament_schenkel.schenkelresult", 
    "fields": {
      "scoring": 1, 
      "end": 8, 
      "match": 11, 
      "team": 1
    }
  }, 
  {
    "pk": 32, 
    "model": "tournament_schenkel.schenkelresult", 
    "fields": {
      "scoring": 2, 
      "end": 1, 
      "match": 11, 
      "team": 2
    }
  }, 
  {
    "pk": 33, 
    "model": "tournament_schenkel.schenkelresult", 
    "fields": {
      "scoring": 2, 
      "end": 2, 
      "match": 11, 
      "team": 2
    }
  }, 
  {
    "pk": 35, 
    "model": "tournament_schenkel.schenkelresult", 
    "fields": {
      "scoring": 2, 
      "end": 4, 
      "match": 11, 
      "team": 2
    }
  }, 
  {
    "pk": 41, 
    "model": "tournament_schenkel.schenkelresult", 
    "fields": {
      "scoring": 2, 
      "end": 2, 
      "match": 12, 
      "team": 4
    }
  }, 
  {
    "pk": 42, 
    "model": "tournament_schenkel.schenkelresult", 
    "fields": {
      "scoring": 1, 
      "end": 3, 
      "match": 12, 
      "team": 4
    }
  }, 
  {
    "pk": 45, 
    "model": "tournament_schenkel.schenkelresult", 
    "fields": {
      "scoring": 2, 
      "end": 6, 
      "match": 12, 
      "team": 4
    }
  }, 
  {
    "pk": 46, 
    "model": "tournament_schenkel.schenkelresult", 
    "fields": {
      "scoring": 1, 
      "end": 7, 
      "match": 12, 
      "team": 4
    }
  }, 
  {
    "pk": 40, 
    "model": "tournament_schenkel.schenkelresult", 
    "fields": {
      "scoring": 1, 
      "end": 1, 
      "match": 12, 
      "team": 6
    }
  }, 
  {
    "pk": 43, 
    "model": "tournament_schenkel.schenkelresult", 
    "fields": {
      "scoring": 2, 
      "end": 4, 
      "match": 12, 
      "team": 6
    }
  }, 
  {
    "pk": 44, 
    "model": "tournament_schenkel.schenkelresult", 
    "fields": {
      "scoring": 1, 
      "end": 5, 
      "match": 12, 
      "team": 6
    }
  }, 
  {
    "pk": 47, 
    "model": "tournament_schenkel.schenkelresult", 
    "fields": {
      "scoring": 3, 
      "end": 8, 
      "match": 12, 
      "team": 6
    }
  }
]