[
  {
    "pk": 1, 
    "model": "tournament_schenkel.schenkeltournament", 
    "fields": {
      "club": 1, 
      "rink": 1, 
      "name": "So'Curl 2012", 
      "end_date": "2012-05-27", 
      "start_date": "2012-05-25"
    }
  }, 
  {
    "pk": 1, 
    "model": "tournament_schenkel.schenkelround", 
    "fields": {
      "tournament": 1, 
      "type": "G", 
      "name": "1", 
      "order": 1
    }
  }, 
  {
    "pk": 2, 
    "model": "tournament_schenkel.schenkelround", 
    "fields": {
      "tournament": 1, 
      "type": "G", 
      "name": "2", 
      "order": 2
    }
  }, 
  {
    "pk": 3, 
    "model": "tournament_schenkel.schenkelround", 
    "fields": {
      "tournament": 1, 
      "type": "G", 
      "name": "3", 
      "order": 3
    }
  }, 
  {
    "pk": 4, 
    "model": "tournament_schenkel.schenkelround", 
    "fields": {
      "tournament": 1, 
      "type": "R", 
      "name": "4", 
      "order": 4
    }
  }, 
  {
    "pk": 5, 
    "model": "tournament_schenkel.schenkelround", 
    "fields": {
      "tournament": 1, 
      "type": "R", 
      "name": "5", 
      "order": 5
    }
  }, 
  {
    "pk": 1, 
    "model": "tournament_schenkel.schenkelgroup", 
    "fields": {
      "time_start": "12:00:00", 
      "name": "A", 
      "nb_teams": 6, 
      "time_end": "14:00:00", 
      "round": 1, 
      "current": false, 
      "finished": true, 
      "date": "2013-05-31", 
      "order": 1
    }
  }, 
  {
    "pk": 2, 
    "model": "tournament_schenkel.schenkelgroup", 
    "fields": {
      "time_start": "14:00:00", 
      "name": "B", 
      "nb_teams": 6, 
      "time_end": "16:00:00", 
      "round": 1, 
      "current": false, 
      "finished": true, 
      "date": "2013-05-31", 
      "order": 2
    }
  }, 
  {
    "pk": 3, 
    "model": "tournament_schenkel.schenkelgroup", 
    "fields": {
      "time_start": "08:00:00", 
      "name": "C", 
      "nb_teams": 6, 
      "time_end": "10:00:00", 
      "round": 1, 
      "current": false, 
      "finished": true, 
      "date": "2013-06-01", 
      "order": 3
    }
  }, 
  {
    "pk": 4, 
    "model": "tournament_schenkel.schenkelgroup", 
    "fields": {
      "time_start": "16:00:00", 
      "name": "A", 
      "nb_teams": 6, 
      "time_end": "18:00:00", 
      "round": 2, 
      "current": false, 
      "finished": true, 
      "date": "2013-05-31", 
      "order": 1
    }
  }, 
  {
    "pk": 5, 
    "model": "tournament_schenkel.schenkelgroup", 
    "fields": {
      "time_start": "10:00:00", 
      "name": "B", 
      "nb_teams": 6, 
      "time_end": "12:00:00", 
      "round": 2, 
      "current": false, 
      "finished": true, 
      "date": "2013-06-01", 
      "order": 2
    }
  }, 
  {
    "pk": 6, 
    "model": "tournament_schenkel.schenkelgroup", 
    "fields": {
      "time_start": "12:00:00", 
      "name": "C", 
      "nb_teams": 6, 
      "time_end": "14:00:00", 
      "round": 2, 
      "current": false, 
      "finished": true, 
      "date": "2013-06-01", 
      "order": 3
    }
  }, 
  {
    "pk": 7, 
    "model": "tournament_schenkel.schenkelgroup", 
    "fields": {
      "time_start": "14:00:00", 
      "name": "A", 
      "nb_teams": 6, 
      "time_end": "16:00:00", 
      "round": 3, 
      "current": false, 
      "finished": true, 
      "date": "2013-06-01", 
      "order": 1
    }
  }, 
  {
    "pk": 8, 
    "model": "tournament_schenkel.schenkelgroup", 
    "fields": {
      "time_start": "16:00:00", 
      "name": "B", 
      "nb_teams": 6, 
      "time_end": "18:00:00", 
      "round": 3, 
      "current": false, 
      "finished": true, 
      "date": "2013-06-01", 
      "order": 2
    }
  }, 
  {
    "pk": 9, 
    "model": "tournament_schenkel.schenkelgroup", 
    "fields": {
      "time_start": "18:00:00", 
      "name": "C", 
      "nb_teams": 6, 
      "time_end": "20:00:00", 
      "round": 3, 
      "current": false, 
      "finished": true, 
      "date": "2013-06-01", 
      "order": 3
    }
  }, 
  {
    "pk": 10, 
    "model": "tournament_schenkel.schenkelgroup", 
    "fields": {
      "time_start": "10:00:00", 
      "name": "1", 
      "nb_teams": 6, 
      "time_end": "12:00:00", 
      "round": 4, 
      "current": false, 
      "finished": true, 
      "date": "2013-06-02", 
      "order": 1
    }
  }, 
  {
    "pk": 11, 
    "model": "tournament_schenkel.schenkelgroup", 
    "fields": {
      "time_start": "08:00:00", 
      "name": "2", 
      "nb_teams": 6, 
      "time_end": "10:00:00", 
      "round": 4, 
      "current": false, 
      "finished": true, 
      "date": "2013-06-02", 
      "order": 2
    }
  }, 
  {
    "pk": 12, 
    "model": "tournament_schenkel.schenkelgroup", 
    "fields": {
      "time_start": "12:00:00", 
      "name": "3", 
      "nb_teams": 6, 
      "time_end": "14:00:00", 
      "round": 4, 
      "current": false, 
      "finished": true, 
      "date": "2013-06-02", 
      "order": 3
    }
  }, 
  {
    "pk": 13, 
    "model": "tournament_schenkel.schenkelgroup", 
    "fields": {
      "time_start": "14:30:00", 
      "name": "Finalistes", 
      "nb_teams": 6, 
      "time_end": "16:30:00", 
      "round": 5, 
      "current": true, 
      "finished": false, 
      "date": "2013-06-02", 
      "order": 1
    }
  }, 
  {
    "pk": 1, 
    "model": "tournament_schenkel.schenkelgroupranking", 
    "fields": {
      "stones": 10, 
      "ends": 7, 
      "group": 1, 
      "stones_received": 2, 
      "ex_aequo": false, 
      "rank": 1, 
      "points": 2, 
      "ends_received": 1, 
      "team": 3
    }
  }, 
  {
    "pk": 2, 
    "model": "tournament_schenkel.schenkelgroupranking", 
    "fields": {
      "stones": 7, 
      "ends": 4, 
      "group": 1, 
      "stones_received": 6, 
      "ex_aequo": false, 
      "rank": 2, 
      "points": 2, 
      "ends_received": 4, 
      "team": 5
    }
  }, 
  {
    "pk": 3, 
    "model": "tournament_schenkel.schenkelgroupranking", 
    "fields": {
      "stones": 8, 
      "ends": 4, 
      "group": 1, 
      "stones_received": 8, 
      "ex_aequo": true, 
      "rank": 3, 
      "points": 1, 
      "ends_received": 4, 
      "team": 1
    }
  }, 
  {
    "pk": 4, 
    "model": "tournament_schenkel.schenkelgroupranking", 
    "fields": {
      "stones": 8, 
      "ends": 4, 
      "group": 1, 
      "stones_received": 8, 
      "ex_aequo": true, 
      "rank": 3, 
      "points": 1, 
      "ends_received": 4, 
      "team": 2
    }
  }, 
  {
    "pk": 5, 
    "model": "tournament_schenkel.schenkelgroupranking", 
    "fields": {
      "stones": 6, 
      "ends": 4, 
      "group": 1, 
      "stones_received": 7, 
      "ex_aequo": false, 
      "rank": 5, 
      "points": 0, 
      "ends_received": 4, 
      "team": 6
    }
  }, 
  {
    "pk": 6, 
    "model": "tournament_schenkel.schenkelgroupranking", 
    "fields": {
      "stones": 2, 
      "ends": 1, 
      "group": 1, 
      "stones_received": 10, 
      "ex_aequo": false, 
      "rank": 6, 
      "points": 0, 
      "ends_received": 7, 
      "team": 4
    }
  }, 
  {
    "pk": 13, 
    "model": "tournament_schenkel.schenkelgroupranking", 
    "fields": {
      "stones": 9, 
      "ends": 6, 
      "group": 2, 
      "stones_received": 4, 
      "ex_aequo": false, 
      "rank": 1, 
      "points": 2, 
      "ends_received": 2, 
      "team": 7
    }
  }, 
  {
    "pk": 14, 
    "model": "tournament_schenkel.schenkelgroupranking", 
    "fields": {
      "stones": 7, 
      "ends": 3, 
      "group": 2, 
      "stones_received": 6, 
      "ex_aequo": false, 
      "rank": 2, 
      "points": 2, 
      "ends_received": 4, 
      "team": 12
    }
  }, 
  {
    "pk": 15, 
    "model": "tournament_schenkel.schenkelgroupranking", 
    "fields": {
      "stones": 6, 
      "ends": 3, 
      "group": 2, 
      "stones_received": 5, 
      "ex_aequo": false, 
      "rank": 3, 
      "points": 2, 
      "ends_received": 3, 
      "team": 9
    }
  }, 
  {
    "pk": 16, 
    "model": "tournament_schenkel.schenkelgroupranking", 
    "fields": {
      "stones": 6, 
      "ends": 4, 
      "group": 2, 
      "stones_received": 7, 
      "ex_aequo": false, 
      "rank": 4, 
      "points": 0, 
      "ends_received": 3, 
      "team": 11
    }
  }, 
  {
    "pk": 17, 
    "model": "tournament_schenkel.schenkelgroupranking", 
    "fields": {
      "stones": 5, 
      "ends": 3, 
      "group": 2, 
      "stones_received": 6, 
      "ex_aequo": false, 
      "rank": 5, 
      "points": 0, 
      "ends_received": 3, 
      "team": 10
    }
  }, 
  {
    "pk": 18, 
    "model": "tournament_schenkel.schenkelgroupranking", 
    "fields": {
      "stones": 4, 
      "ends": 2, 
      "group": 2, 
      "stones_received": 9, 
      "ex_aequo": false, 
      "rank": 6, 
      "points": 0, 
      "ends_received": 6, 
      "team": 8
    }
  }, 
  {
    "pk": 19, 
    "model": "tournament_schenkel.schenkelgroupranking", 
    "fields": {
      "stones": 10, 
      "ends": 5, 
      "group": 3, 
      "stones_received": 3, 
      "ex_aequo": false, 
      "rank": 1, 
      "points": 2, 
      "ends_received": 2, 
      "team": 15
    }
  }, 
  {
    "pk": 20, 
    "model": "tournament_schenkel.schenkelgroupranking", 
    "fields": {
      "stones": 9, 
      "ends": 5, 
      "group": 3, 
      "stones_received": 4, 
      "ex_aequo": false, 
      "rank": 2, 
      "points": 2, 
      "ends_received": 3, 
      "team": 13
    }
  }, 
  {
    "pk": 21, 
    "model": "tournament_schenkel.schenkelgroupranking", 
    "fields": {
      "stones": 8, 
      "ends": 4, 
      "group": 3, 
      "stones_received": 4, 
      "ex_aequo": false, 
      "rank": 3, 
      "points": 2, 
      "ends_received": 3, 
      "team": 17
    }
  }, 
  {
    "pk": 22, 
    "model": "tournament_schenkel.schenkelgroupranking", 
    "fields": {
      "stones": 4, 
      "ends": 3, 
      "group": 3, 
      "stones_received": 8, 
      "ex_aequo": false, 
      "rank": 4, 
      "points": 0, 
      "ends_received": 4, 
      "team": 18
    }
  }, 
  {
    "pk": 23, 
    "model": "tournament_schenkel.schenkelgroupranking", 
    "fields": {
      "stones": 4, 
      "ends": 3, 
      "group": 3, 
      "stones_received": 9, 
      "ex_aequo": false, 
      "rank": 5, 
      "points": 0, 
      "ends_received": 5, 
      "team": 14
    }
  }, 
  {
    "pk": 24, 
    "model": "tournament_schenkel.schenkelgroupranking", 
    "fields": {
      "stones": 3, 
      "ends": 2, 
      "group": 3, 
      "stones_received": 10, 
      "ex_aequo": false, 
      "rank": 6, 
      "points": 0, 
      "ends_received": 5, 
      "team": 16
    }
  }, 
  {
    "pk": 7, 
    "model": "tournament_schenkel.schenkelgroupranking", 
    "fields": {
      "stones": 13, 
      "ends": 8, 
      "group": 4, 
      "stones_received": 11, 
      "ex_aequo": false, 
      "rank": 1, 
      "points": 4, 
      "ends_received": 7, 
      "team": 5
    }
  }, 
  {
    "pk": 8, 
    "model": "tournament_schenkel.schenkelgroupranking", 
    "fields": {
      "stones": 16, 
      "ends": 9, 
      "group": 4, 
      "stones_received": 14, 
      "ex_aequo": false, 
      "rank": 2, 
      "points": 3, 
      "ends_received": 7, 
      "team": 1
    }
  }, 
  {
    "pk": 9, 
    "model": "tournament_schenkel.schenkelgroupranking", 
    "fields": {
      "stones": 15, 
      "ends": 10, 
      "group": 4, 
      "stones_received": 8, 
      "ex_aequo": false, 
      "rank": 3, 
      "points": 2, 
      "ends_received": 5, 
      "team": 3
    }
  }, 
  {
    "pk": 10, 
    "model": "tournament_schenkel.schenkelgroupranking", 
    "fields": {
      "stones": 13, 
      "ends": 8, 
      "group": 4, 
      "stones_received": 13, 
      "ex_aequo": false, 
      "rank": 4, 
      "points": 2, 
      "ends_received": 8, 
      "team": 6
    }
  }, 
  {
    "pk": 11, 
    "model": "tournament_schenkel.schenkelgroupranking", 
    "fields": {
      "stones": 14, 
      "ends": 7, 
      "group": 4, 
      "stones_received": 16, 
      "ex_aequo": false, 
      "rank": 5, 
      "points": 1, 
      "ends_received": 9, 
      "team": 2
    }
  }, 
  {
    "pk": 12, 
    "model": "tournament_schenkel.schenkelgroupranking", 
    "fields": {
      "stones": 8, 
      "ends": 5, 
      "group": 4, 
      "stones_received": 17, 
      "ex_aequo": false, 
      "rank": 6, 
      "points": 0, 
      "ends_received": 11, 
      "team": 4
    }
  }, 
  {
    "pk": 25, 
    "model": "tournament_schenkel.schenkelgroupranking", 
    "fields": {
      "stones": 17, 
      "ends": 11, 
      "group": 5, 
      "stones_received": 7, 
      "ex_aequo": false, 
      "rank": 1, 
      "points": 4, 
      "ends_received": 4, 
      "team": 7
    }
  }, 
  {
    "pk": 26, 
    "model": "tournament_schenkel.schenkelgroupranking", 
    "fields": {
      "stones": 12, 
      "ends": 7, 
      "group": 5, 
      "stones_received": 12, 
      "ex_aequo": true, 
      "rank": 2, 
      "points": 2, 
      "ends_received": 7, 
      "team": 10
    }
  }, 
  {
    "pk": 27, 
    "model": "tournament_schenkel.schenkelgroupranking", 
    "fields": {
      "stones": 12, 
      "ends": 7, 
      "group": 5, 
      "stones_received": 12, 
      "ex_aequo": true, 
      "rank": 2, 
      "points": 2, 
      "ends_received": 7, 
      "team": 11
    }
  }, 
  {
    "pk": 28, 
    "model": "tournament_schenkel.schenkelgroupranking", 
    "fields": {
      "stones": 11, 
      "ends": 7, 
      "group": 5, 
      "stones_received": 11, 
      "ex_aequo": false, 
      "rank": 4, 
      "points": 2, 
      "ends_received": 6, 
      "team": 9
    }
  }, 
  {
    "pk": 29, 
    "model": "tournament_schenkel.schenkelgroupranking", 
    "fields": {
      "stones": 10, 
      "ends": 5, 
      "group": 5, 
      "stones_received": 14, 
      "ex_aequo": false, 
      "rank": 5, 
      "points": 2, 
      "ends_received": 9, 
      "team": 12
    }
  }, 
  {
    "pk": 30, 
    "model": "tournament_schenkel.schenkelgroupranking", 
    "fields": {
      "stones": 10, 
      "ends": 6, 
      "group": 5, 
      "stones_received": 16, 
      "ex_aequo": false, 
      "rank": 6, 
      "points": 0, 
      "ends_received": 10, 
      "team": 8
    }
  }, 
  {
    "pk": 31, 
    "model": "tournament_schenkel.schenkelgroupranking", 
    "fields": {
      "stones": 17, 
      "ends": 10, 
      "group": 6, 
      "stones_received": 7, 
      "ex_aequo": false, 
      "rank": 1, 
      "points": 4, 
      "ends_received": 4, 
      "team": 15
    }
  }, 
  {
    "pk": 32, 
    "model": "tournament_schenkel.schenkelgroupranking", 
    "fields": {
      "stones": 15, 
      "ends": 8, 
      "group": 6, 
      "stones_received": 8, 
      "ex_aequo": false, 
      "rank": 2, 
      "points": 4, 
      "ends_received": 6, 
      "team": 17
    }
  }, 
  {
    "pk": 33, 
    "model": "tournament_schenkel.schenkelgroupranking", 
    "fields": {
      "stones": 13, 
      "ends": 7, 
      "group": 6, 
      "stones_received": 11, 
      "ex_aequo": false, 
      "rank": 3, 
      "points": 2, 
      "ends_received": 8, 
      "team": 13
    }
  }, 
  {
    "pk": 34, 
    "model": "tournament_schenkel.schenkelgroupranking", 
    "fields": {
      "stones": 10, 
      "ends": 7, 
      "group": 6, 
      "stones_received": 12, 
      "ex_aequo": false, 
      "rank": 4, 
      "points": 2, 
      "ends_received": 7, 
      "team": 14
    }
  }, 
  {
    "pk": 35, 
    "model": "tournament_schenkel.schenkelgroupranking", 
    "fields": {
      "stones": 8, 
      "ends": 6, 
      "group": 6, 
      "stones_received": 15, 
      "ex_aequo": false, 
      "rank": 5, 
      "points": 0, 
      "ends_received": 8, 
      "team": 18
    }
  }, 
  {
    "pk": 36, 
    "model": "tournament_schenkel.schenkelgroupranking", 
    "fields": {
      "stones": 6, 
      "ends": 4, 
      "group": 6, 
      "stones_received": 16, 
      "ex_aequo": false, 
      "rank": 6, 
      "points": 0, 
      "ends_received": 9, 
      "team": 16
    }
  }, 
  {
    "pk": 37, 
    "model": "tournament_schenkel.schenkelgroupranking", 
    "fields": {
      "stones": 22, 
      "ends": 12, 
      "group": 7, 
      "stones_received": 19, 
      "ex_aequo": false, 
      "rank": 1, 
      "points": 5, 
      "ends_received": 11, 
      "team": 1
    }
  }, 
  {
    "pk": 38, 
    "model": "tournament_schenkel.schenkelgroupranking", 
    "fields": {
      "stones": 23, 
      "ends": 15, 
      "group": 7, 
      "stones_received": 11, 
      "ex_aequo": false, 
      "rank": 2, 
      "points": 4, 
      "ends_received": 6, 
      "team": 3
    }
  }, 
  {
    "pk": 39, 
    "model": "tournament_schenkel.schenkelgroupranking", 
    "fields": {
      "stones": 18, 
      "ends": 12, 
      "group": 7, 
      "stones_received": 17, 
      "ex_aequo": false, 
      "rank": 3, 
      "points": 4, 
      "ends_received": 10, 
      "team": 5
    }
  }, 
  {
    "pk": 40, 
    "model": "tournament_schenkel.schenkelgroupranking", 
    "fields": {
      "stones": 24, 
      "ends": 11, 
      "group": 7, 
      "stones_received": 23, 
      "ex_aequo": false, 
      "rank": 4, 
      "points": 3, 
      "ends_received": 13, 
      "team": 2
    }
  }, 
  {
    "pk": 41, 
    "model": "tournament_schenkel.schenkelgroupranking", 
    "fields": {
      "stones": 16, 
      "ends": 9, 
      "group": 7, 
      "stones_received": 21, 
      "ex_aequo": false, 
      "rank": 5, 
      "points": 2, 
      "ends_received": 13, 
      "team": 6
    }
  }, 
  {
    "pk": 42, 
    "model": "tournament_schenkel.schenkelgroupranking", 
    "fields": {
      "stones": 15, 
      "ends": 9, 
      "group": 7, 
      "stones_received": 27, 
      "ex_aequo": false, 
      "rank": 6, 
      "points": 0, 
      "ends_received": 15, 
      "team": 4
    }
  }, 
  {
    "pk": 43, 
    "model": "tournament_schenkel.schenkelgroupranking", 
    "fields": {
      "stones": 25, 
      "ends": 16, 
      "group": 8, 
      "stones_received": 10, 
      "ex_aequo": false, 
      "rank": 1, 
      "points": 6, 
      "ends_received": 6, 
      "team": 7
    }
  }, 
  {
    "pk": 44, 
    "model": "tournament_schenkel.schenkelgroupranking", 
    "fields": {
      "stones": 19, 
      "ends": 11, 
      "group": 8, 
      "stones_received": 16, 
      "ex_aequo": false, 
      "rank": 2, 
      "points": 4, 
      "ends_received": 10, 
      "team": 9
    }
  }, 
  {
    "pk": 45, 
    "model": "tournament_schenkel.schenkelgroupranking", 
    "fields": {
      "stones": 17, 
      "ends": 8, 
      "group": 8, 
      "stones_received": 17, 
      "ex_aequo": false, 
      "rank": 3, 
      "points": 4, 
      "ends_received": 11, 
      "team": 12
    }
  }, 
  {
    "pk": 46, 
    "model": "tournament_schenkel.schenkelgroupranking", 
    "fields": {
      "stones": 17, 
      "ends": 11, 
      "group": 8, 
      "stones_received": 20, 
      "ex_aequo": false, 
      "rank": 4, 
      "points": 2, 
      "ends_received": 11, 
      "team": 11
    }
  }, 
  {
    "pk": 47, 
    "model": "tournament_schenkel.schenkelgroupranking", 
    "fields": {
      "stones": 15, 
      "ends": 9, 
      "group": 8, 
      "stones_received": 20, 
      "ex_aequo": false, 
      "rank": 5, 
      "points": 2, 
      "ends_received": 12, 
      "team": 10
    }
  }, 
  {
    "pk": 48, 
    "model": "tournament_schenkel.schenkelgroupranking", 
    "fields": {
      "stones": 13, 
      "ends": 8, 
      "group": 8, 
      "stones_received": 23, 
      "ex_aequo": false, 
      "rank": 6, 
      "points": 0, 
      "ends_received": 13, 
      "team": 8
    }
  }, 
  {
    "pk": 49, 
    "model": "tournament_schenkel.schenkelgroupranking", 
    "fields": {
      "stones": 24, 
      "ends": 14, 
      "group": 9, 
      "stones_received": 11, 
      "ex_aequo": false, 
      "rank": 1, 
      "points": 6, 
      "ends_received": 7, 
      "team": 15
    }
  }, 
  {
    "pk": 50, 
    "model": "tournament_schenkel.schenkelgroupranking", 
    "fields": {
      "stones": 19, 
      "ends": 11, 
      "group": 9, 
      "stones_received": 15, 
      "ex_aequo": false, 
      "rank": 2, 
      "points": 4, 
      "ends_received": 10, 
      "team": 17
    }
  }, 
  {
    "pk": 51, 
    "model": "tournament_schenkel.schenkelgroupranking", 
    "fields": {
      "stones": 16, 
      "ends": 10, 
      "group": 9, 
      "stones_received": 16, 
      "ex_aequo": false, 
      "rank": 3, 
      "points": 4, 
      "ends_received": 10, 
      "team": 14
    }
  }, 
  {
    "pk": 52, 
    "model": "tournament_schenkel.schenkelgroupranking", 
    "fields": {
      "stones": 20, 
      "ends": 13, 
      "group": 9, 
      "stones_received": 16, 
      "ex_aequo": false, 
      "rank": 4, 
      "points": 2, 
      "ends_received": 9, 
      "team": 18
    }
  }, 
  {
    "pk": 53, 
    "model": "tournament_schenkel.schenkelgroupranking", 
    "fields": {
      "stones": 17, 
      "ends": 10, 
      "group": 9, 
      "stones_received": 17, 
      "ex_aequo": false, 
      "rank": 5, 
      "points": 2, 
      "ends_received": 11, 
      "team": 13
    }
  }, 
  {
    "pk": 54, 
    "model": "tournament_schenkel.schenkelgroupranking", 
    "fields": {
      "stones": 7, 
      "ends": 5, 
      "group": 9, 
      "stones_received": 28, 
      "ex_aequo": false, 
      "rank": 6, 
      "points": 0, 
      "ends_received": 16, 
      "team": 16
    }
  }, 
  {
    "pk": 55, 
    "model": "tournament_schenkel.schenkelgroupranking", 
    "fields": {
      "stones": 34, 
      "ends": 21, 
      "group": 10, 
      "stones_received": 16, 
      "ex_aequo": false, 
      "rank": 1, 
      "points": 8, 
      "ends_received": 9, 
      "team": 7
    }
  }, 
  {
    "pk": 56, 
    "model": "tournament_schenkel.schenkelgroupranking", 
    "fields": {
      "stones": 31, 
      "ends": 19, 
      "group": 10, 
      "stones_received": 16, 
      "ex_aequo": false, 
      "rank": 2, 
      "points": 6, 
      "ends_received": 9, 
      "team": 3
    }
  }, 
  {
    "pk": 57, 
    "model": "tournament_schenkel.schenkelgroupranking", 
    "fields": {
      "stones": 30, 
      "ends": 17, 
      "group": 10, 
      "stones_received": 20, 
      "ex_aequo": false, 
      "rank": 3, 
      "points": 6, 
      "ends_received": 12, 
      "team": 15
    }
  }, 
  {
    "pk": 58, 
    "model": "tournament_schenkel.schenkelgroupranking", 
    "fields": {
      "stones": 24, 
      "ends": 16, 
      "group": 10, 
      "stones_received": 23, 
      "ex_aequo": false, 
      "rank": 4, 
      "points": 5, 
      "ends_received": 13, 
      "team": 5
    }
  }, 
  {
    "pk": 59, 
    "model": "tournament_schenkel.schenkelgroupranking", 
    "fields": {
      "stones": 27, 
      "ends": 15, 
      "group": 10, 
      "stones_received": 27, 
      "ex_aequo": false, 
      "rank": 5, 
      "points": 5, 
      "ends_received": 15, 
      "team": 1
    }
  }, 
  {
    "pk": 60, 
    "model": "tournament_schenkel.schenkelgroupranking", 
    "fields": {
      "stones": 25, 
      "ends": 14, 
      "group": 10, 
      "stones_received": 21, 
      "ex_aequo": false, 
      "rank": 6, 
      "points": 5, 
      "ends_received": 14, 
      "team": 17
    }
  }, 
  {
    "pk": 61, 
    "model": "tournament_schenkel.schenkelgroupranking", 
    "fields": {
      "stones": 33, 
      "ends": 17, 
      "group": 11, 
      "stones_received": 17, 
      "ex_aequo": false, 
      "rank": 1, 
      "points": 6, 
      "ends_received": 11, 
      "team": 9
    }
  }, 
  {
    "pk": 62, 
    "model": "tournament_schenkel.schenkelgroupranking", 
    "fields": {
      "stones": 31, 
      "ends": 15, 
      "group": 11, 
      "stones_received": 29, 
      "ex_aequo": false, 
      "rank": 2, 
      "points": 5, 
      "ends_received": 17, 
      "team": 2
    }
  }, 
  {
    "pk": 63, 
    "model": "tournament_schenkel.schenkelgroupranking", 
    "fields": {
      "stones": 28, 
      "ends": 18, 
      "group": 11, 
      "stones_received": 21, 
      "ex_aequo": false, 
      "rank": 3, 
      "points": 4, 
      "ends_received": 12, 
      "team": 18
    }
  }, 
  {
    "pk": 64, 
    "model": "tournament_schenkel.schenkelgroupranking", 
    "fields": {
      "stones": 23, 
      "ends": 12, 
      "group": 11, 
      "stones_received": 24, 
      "ex_aequo": false, 
      "rank": 4, 
      "points": 4, 
      "ends_received": 15, 
      "team": 12
    }
  }, 
  {
    "pk": 65, 
    "model": "tournament_schenkel.schenkelgroupranking", 
    "fields": {
      "stones": 17, 
      "ends": 11, 
      "group": 11, 
      "stones_received": 30, 
      "ex_aequo": false, 
      "rank": 5, 
      "points": 4, 
      "ends_received": 16, 
      "team": 14
    }
  }, 
  {
    "pk": 66, 
    "model": "tournament_schenkel.schenkelgroupranking", 
    "fields": {
      "stones": 22, 
      "ends": 14, 
      "group": 11, 
      "stones_received": 28, 
      "ex_aequo": false, 
      "rank": 6, 
      "points": 2, 
      "ends_received": 16, 
      "team": 11
    }
  }, 
  {
    "pk": 67, 
    "model": "tournament_schenkel.schenkelgroupranking", 
    "fields": {
      "stones": 23, 
      "ends": 14, 
      "group": 12, 
      "stones_received": 25, 
      "ex_aequo": false, 
      "rank": 1, 
      "points": 4, 
      "ends_received": 15, 
      "team": 10
    }
  }, 
  {
    "pk": 68, 
    "model": "tournament_schenkel.schenkelgroupranking", 
    "fields": {
      "stones": 23, 
      "ends": 14, 
      "group": 12, 
      "stones_received": 23, 
      "ex_aequo": false, 
      "rank": 2, 
      "points": 3, 
      "ends_received": 14, 
      "team": 13
    }
  }, 
  {
    "pk": 69, 
    "model": "tournament_schenkel.schenkelgroupranking", 
    "fields": {
      "stones": 22, 
      "ends": 12, 
      "group": 12, 
      "stones_received": 27, 
      "ex_aequo": false, 
      "rank": 3, 
      "points": 3, 
      "ends_received": 17, 
      "team": 6
    }
  }, 
  {
    "pk": 70, 
    "model": "tournament_schenkel.schenkelgroupranking", 
    "fields": {
      "stones": 21, 
      "ends": 12, 
      "group": 12, 
      "stones_received": 27, 
      "ex_aequo": false, 
      "rank": 4, 
      "points": 2, 
      "ends_received": 15, 
      "team": 8
    }
  }, 
  {
    "pk": 71, 
    "model": "tournament_schenkel.schenkelgroupranking", 
    "fields": {
      "stones": 20, 
      "ends": 12, 
      "group": 12, 
      "stones_received": 35, 
      "ex_aequo": false, 
      "rank": 5, 
      "points": 0, 
      "ends_received": 20, 
      "team": 4
    }
  }, 
  {
    "pk": 72, 
    "model": "tournament_schenkel.schenkelgroupranking", 
    "fields": {
      "stones": 11, 
      "ends": 7, 
      "group": 12, 
      "stones_received": 36, 
      "ex_aequo": false, 
      "rank": 6, 
      "points": 0, 
      "ends_received": 20, 
      "team": 16
    }
  }, 
  {
    "pk": 1, 
    "model": "tournament_schenkel.schenkelmatch", 
    "fields": {
      "sheet": 1, 
      "team_1": 1, 
      "team_2": 2, 
      "finished": true, 
      "group": 1, 
      "hammer": 1
    }
  }, 
  {
    "pk": 2, 
    "model": "tournament_schenkel.schenkelmatch", 
    "fields": {
      "sheet": 2, 
      "team_1": 3, 
      "team_2": 4, 
      "finished": true, 
      "group": 1, 
      "hammer": 4
    }
  }, 
  {
    "pk": 3, 
    "model": "tournament_schenkel.schenkelmatch", 
    "fields": {
      "sheet": 3, 
      "team_1": 5, 
      "team_2": 6, 
      "finished": true, 
      "group": 1, 
      "hammer": 6
    }
  }, 
  {
    "pk": 4, 
    "model": "tournament_schenkel.schenkelmatch", 
    "fields": {
      "sheet": 1, 
      "team_1": 7, 
      "team_2": 8, 
      "finished": true, 
      "group": 2, 
      "hammer": 8
    }
  }, 
  {
    "pk": 5, 
    "model": "tournament_schenkel.schenkelmatch", 
    "fields": {
      "sheet": 2, 
      "team_1": 9, 
      "team_2": 10, 
      "finished": true, 
      "group": 2, 
      "hammer": 9
    }
  }, 
  {
    "pk": 6, 
    "model": "tournament_schenkel.schenkelmatch", 
    "fields": {
      "sheet": 3, 
      "team_1": 11, 
      "team_2": 12, 
      "finished": true, 
      "group": 2, 
      "hammer": 12
    }
  }, 
  {
    "pk": 7, 
    "model": "tournament_schenkel.schenkelmatch", 
    "fields": {
      "sheet": 1, 
      "team_1": 13, 
      "team_2": 14, 
      "finished": true, 
      "group": 3, 
      "hammer": 14
    }
  }, 
  {
    "pk": 8, 
    "model": "tournament_schenkel.schenkelmatch", 
    "fields": {
      "sheet": 2, 
      "team_1": 15, 
      "team_2": 16, 
      "finished": true, 
      "group": 3, 
      "hammer": 15
    }
  }, 
  {
    "pk": 9, 
    "model": "tournament_schenkel.schenkelmatch", 
    "fields": {
      "sheet": 3, 
      "team_1": 17, 
      "team_2": 18, 
      "finished": true, 
      "group": 3, 
      "hammer": 17
    }
  }, 
  {
    "pk": 10, 
    "model": "tournament_schenkel.schenkelmatch", 
    "fields": {
      "sheet": 1, 
      "team_1": 3, 
      "team_2": 5, 
      "finished": true, 
      "group": 4, 
      "hammer": null
    }
  }, 
  {
    "pk": 11, 
    "model": "tournament_schenkel.schenkelmatch", 
    "fields": {
      "sheet": 2, 
      "team_1": 1, 
      "team_2": 2, 
      "finished": true, 
      "group": 4, 
      "hammer": null
    }
  }, 
  {
    "pk": 12, 
    "model": "tournament_schenkel.schenkelmatch", 
    "fields": {
      "sheet": 3, 
      "team_1": 6, 
      "team_2": 4, 
      "finished": true, 
      "group": 4, 
      "hammer": null
    }
  }, 
  {
    "pk": 13, 
    "model": "tournament_schenkel.schenkelmatch", 
    "fields": {
      "sheet": 1, 
      "team_1": 7, 
      "team_2": 12, 
      "finished": true, 
      "group": 5, 
      "hammer": null
    }
  }, 
  {
    "pk": 14, 
    "model": "tournament_schenkel.schenkelmatch", 
    "fields": {
      "sheet": 2, 
      "team_1": 9, 
      "team_2": 11, 
      "finished": true, 
      "group": 5, 
      "hammer": null
    }
  }, 
  {
    "pk": 15, 
    "model": "tournament_schenkel.schenkelmatch", 
    "fields": {
      "sheet": 3, 
      "team_1": 10, 
      "team_2": 8, 
      "finished": true, 
      "group": 5, 
      "hammer": null
    }
  }, 
  {
    "pk": 16, 
    "model": "tournament_schenkel.schenkelmatch", 
    "fields": {
      "sheet": 1, 
      "team_1": 15, 
      "team_2": 13, 
      "finished": true, 
      "group": 6, 
      "hammer": null
    }
  }, 
  {
    "pk": 17, 
    "model": "tournament_schenkel.schenkelmatch", 
    "fields": {
      "sheet": 2, 
      "team_1": 17, 
      "team_2": 18, 
      "finished": true, 
      "group": 6, 
      "hammer": null
    }
  }, 
  {
    "pk": 18, 
    "model": "tournament_schenkel.schenkelmatch", 
    "fields": {
      "sheet": 3, 
      "team_1": 14, 
      "team_2": 16, 
      "finished": true, 
      "group": 6, 
      "hammer": null
    }
  }, 
  {
    "pk": 19, 
    "model": "tournament_schenkel.schenkelmatch", 
    "fields": {
      "sheet": 1, 
      "team_1": 5, 
      "team_2": 1, 
      "finished": true, 
      "group": 7, 
      "hammer": null
    }
  }, 
  {
    "pk": 20, 
    "model": "tournament_schenkel.schenkelmatch", 
    "fields": {
      "sheet": 2, 
      "team_1": 3, 
      "team_2": 6, 
      "finished": true, 
      "group": 7, 
      "hammer": null
    }
  }, 
  {
    "pk": 21, 
    "model": "tournament_schenkel.schenkelmatch", 
    "fields": {
      "sheet": 3, 
      "team_1": 2, 
      "team_2": 4, 
      "finished": true, 
      "group": 7, 
      "hammer": null
    }
  }, 
  {
    "pk": 22, 
    "model": "tournament_schenkel.schenkelmatch", 
    "fields": {
      "sheet": 1, 
      "team_1": 7, 
      "team_2": 10, 
      "finished": true, 
      "group": 8, 
      "hammer": null
    }
  }, 
  {
    "pk": 23, 
    "model": "tournament_schenkel.schenkelmatch", 
    "fields": {
      "sheet": 2, 
      "team_1": 11, 
      "team_2": 9, 
      "finished": true, 
      "group": 8, 
      "hammer": null
    }
  }, 
  {
    "pk": 24, 
    "model": "tournament_schenkel.schenkelmatch", 
    "fields": {
      "sheet": 3, 
      "team_1": 12, 
      "team_2": 8, 
      "finished": true, 
      "group": 8, 
      "hammer": null
    }
  }, 
  {
    "pk": 25, 
    "model": "tournament_schenkel.schenkelmatch", 
    "fields": {
      "sheet": 1, 
      "team_1": 15, 
      "team_2": 17, 
      "finished": true, 
      "group": 9, 
      "hammer": null
    }
  }, 
  {
    "pk": 26, 
    "model": "tournament_schenkel.schenkelmatch", 
    "fields": {
      "sheet": 2, 
      "team_1": 13, 
      "team_2": 14, 
      "finished": true, 
      "group": 9, 
      "hammer": null
    }
  }, 
  {
    "pk": 27, 
    "model": "tournament_schenkel.schenkelmatch", 
    "fields": {
      "sheet": 3, 
      "team_1": 18, 
      "team_2": 16, 
      "finished": true, 
      "group": 9, 
      "hammer": null
    }
  }, 
  {
    "pk": 28, 
    "model": "tournament_schenkel.schenkelmatch", 
    "fields": {
      "sheet": 1, 
      "team_1": 7, 
      "team_2": 15, 
      "finished": true, 
      "group": 10, 
      "hammer": null
    }
  }, 
  {
    "pk": 29, 
    "model": "tournament_schenkel.schenkelmatch", 
    "fields": {
      "sheet": 2, 
      "team_1": 1, 
      "team_2": 3, 
      "finished": true, 
      "group": 10, 
      "hammer": null
    }
  }, 
  {
    "pk": 30, 
    "model": "tournament_schenkel.schenkelmatch", 
    "fields": {
      "sheet": 3, 
      "team_1": 5, 
      "team_2": 17, 
      "finished": true, 
      "group": 10, 
      "hammer": null
    }
  }, 
  {
    "pk": 31, 
    "model": "tournament_schenkel.schenkelmatch", 
    "fields": {
      "sheet": 1, 
      "team_1": 9, 
      "team_2": 14, 
      "finished": true, 
      "group": 11, 
      "hammer": null
    }
  }, 
  {
    "pk": 32, 
    "model": "tournament_schenkel.schenkelmatch", 
    "fields": {
      "sheet": 2, 
      "team_1": 12, 
      "team_2": 2, 
      "finished": true, 
      "group": 11, 
      "hammer": null
    }
  }, 
  {
    "pk": 33, 
    "model": "tournament_schenkel.schenkelmatch", 
    "fields": {
      "sheet": 3, 
      "team_1": 18, 
      "team_2": 11, 
      "finished": true, 
      "group": 11, 
      "hammer": null
    }
  }, 
  {
    "pk": 34, 
    "model": "tournament_schenkel.schenkelmatch", 
    "fields": {
      "sheet": 1, 
      "team_1": 13, 
      "team_2": 6, 
      "finished": true, 
      "group": 12, 
      "hammer": null
    }
  }, 
  {
    "pk": 35, 
    "model": "tournament_schenkel.schenkelmatch", 
    "fields": {
      "sheet": 2, 
      "team_1": 10, 
      "team_2": 4, 
      "finished": true, 
      "group": 12, 
      "hammer": null
    }
  }, 
  {
    "pk": 36, 
    "model": "tournament_schenkel.schenkelmatch", 
    "fields": {
      "sheet": 3, 
      "team_1": 8, 
      "team_2": 16, 
      "finished": true, 
      "group": 12, 
      "hammer": null
    }
  }, 
  {
    "pk": 37, 
    "model": "tournament_schenkel.schenkelmatch", 
    "fields": {
      "sheet": 1, 
      "team_1": 7, 
      "team_2": 3, 
      "finished": true, 
      "group": 13, 
      "hammer": null
    }
  }, 
  {
    "pk": 38, 
    "model": "tournament_schenkel.schenkelmatch", 
    "fields": {
      "sheet": 2, 
      "team_1": 9, 
      "team_2": 15, 
      "finished": true, 
      "group": 13, 
      "hammer": null
    }
  }, 
  {
    "pk": 39, 
    "model": "tournament_schenkel.schenkelmatch", 
    "fields": {
      "sheet": 3, 
      "team_1": 5, 
      "team_2": 2, 
      "finished": true, 
      "group": 13, 
      "hammer": null
    }
  }, 
  {
    "pk": 1, 
    "model": "tournament_schenkel.schenkelresult", 
    "fields": {
      "scoring": 2, 
      "end": 1, 
      "match": 1, 
      "team": 1
    }
  }, 
  {
    "pk": 3, 
    "model": "tournament_schenkel.schenkelresult", 
    "fields": {
      "scoring": 2, 
      "end": 3, 
      "match": 1, 
      "team": 1
    }
  }, 
  {
    "pk": 5, 
    "model": "tournament_schenkel.schenkelresult", 
    "fields": {
      "scoring": 2, 
      "end": 5, 
      "match": 1, 
      "team": 1
    }
  }, 
  {
    "pk": 7, 
    "model": "tournament_schenkel.schenkelresult", 
    "fields": {
      "scoring": 2, 
      "end": 7, 
      "match": 1, 
      "team": 1
    }
  }, 
  {
    "pk": 2, 
    "model": "tournament_schenkel.schenkelresult", 
    "fields": {
      "scoring": 2, 
      "end": 2, 
      "match": 1, 
      "team": 2
    }
  }, 
  {
    "pk": 4, 
    "model": "tournament_schenkel.schenkelresult", 
    "fields": {
      "scoring": 2, 
      "end": 4, 
      "match": 1, 
      "team": 2
    }
  }, 
  {
    "pk": 6, 
    "model": "tournament_schenkel.schenkelresult", 
    "fields": {
      "scoring": 2, 
      "end": 6, 
      "match": 1, 
      "team": 2
    }
  }, 
  {
    "pk": 8, 
    "model": "tournament_schenkel.schenkelresult", 
    "fields": {
      "scoring": 2, 
      "end": 8, 
      "match": 1, 
      "team": 2
    }
  }, 
  {
    "pk": 9, 
    "model": "tournament_schenkel.schenkelresult", 
    "fields": {
      "scoring": 2, 
      "end": 1, 
      "match": 2, 
      "team": 3
    }
  }, 
  {
    "pk": 10, 
    "model": "tournament_schenkel.schenkelresult", 
    "fields": {
      "scoring": 1, 
      "end": 2, 
      "match": 2, 
      "team": 3
    }
  }, 
  {
    "pk": 11, 
    "model": "tournament_schenkel.schenkelresult", 
    "fields": {
      "scoring": 2, 
      "end": 3, 
      "match": 2, 
      "team": 3
    }
  }, 
  {
    "pk": 12, 
    "model": "tournament_schenkel.schenkelresult", 
    "fields": {
      "scoring": 1, 
      "end": 4, 
      "match": 2, 
      "team": 3
    }
  }, 
  {
    "pk": 13, 
    "model": "tournament_schenkel.schenkelresult", 
    "fields": {
      "scoring": 1, 
      "end": 5, 
      "match": 2, 
      "team": 3
    }
  }, 
  {
    "pk": 14, 
    "model": "tournament_schenkel.schenkelresult", 
    "fields": {
      "scoring": 1, 
      "end": 6, 
      "match": 2, 
      "team": 3
    }
  }, 
  {
    "pk": 16, 
    "model": "tournament_schenkel.schenkelresult", 
    "fields": {
      "scoring": 2, 
      "end": 8, 
      "match": 2, 
      "team": 3
    }
  }, 
  {
    "pk": 15, 
    "model": "tournament_schenkel.schenkelresult", 
    "fields": {
      "scoring": 2, 
      "end": 7, 
      "match": 2, 
      "team": 4
    }
  }, 
  {
    "pk": 18, 
    "model": "tournament_schenkel.schenkelresult", 
    "fields": {
      "scoring": 2, 
      "end": 2, 
      "match": 3, 
      "team": 5
    }
  }, 
  {
    "pk": 20, 
    "model": "tournament_schenkel.schenkelresult", 
    "fields": {
      "scoring": 1, 
      "end": 4, 
      "match": 3, 
      "team": 5
    }
  }, 
  {
    "pk": 21, 
    "model": "tournament_schenkel.schenkelresult", 
    "fields": {
      "scoring": 2, 
      "end": 5, 
      "match": 3, 
      "team": 5
    }
  }, 
  {
    "pk": 23, 
    "model": "tournament_schenkel.schenkelresult", 
    "fields": {
      "scoring": 2, 
      "end": 7, 
      "match": 3, 
      "team": 5
    }
  }, 
  {
    "pk": 17, 
    "model": "tournament_schenkel.schenkelresult", 
    "fields": {
      "scoring": 2, 
      "end": 1, 
      "match": 3, 
      "team": 6
    }
  }, 
  {
    "pk": 19, 
    "model": "tournament_schenkel.schenkelresult", 
    "fields": {
      "scoring": 2, 
      "end": 3, 
      "match": 3, 
      "team": 6
    }
  }, 
  {
    "pk": 22, 
    "model": "tournament_schenkel.schenkelresult", 
    "fields": {
      "scoring": 1, 
      "end": 6, 
      "match": 3, 
      "team": 6
    }
  }, 
  {
    "pk": 24, 
    "model": "tournament_schenkel.schenkelresult", 
    "fields": {
      "scoring": 1, 
      "end": 8, 
      "match": 3, 
      "team": 6
    }
  }, 
  {
    "pk": 49, 
    "model": "tournament_schenkel.schenkelresult", 
    "fields": {
      "scoring": 2, 
      "end": 1, 
      "match": 4, 
      "team": 7
    }
  }, 
  {
    "pk": 51, 
    "model": "tournament_schenkel.schenkelresult", 
    "fields": {
      "scoring": 2, 
      "end": 3, 
      "match": 4, 
      "team": 7
    }
  }, 
  {
    "pk": 53, 
    "model": "tournament_schenkel.schenkelresult", 
    "fields": {
      "scoring": 2, 
      "end": 5, 
      "match": 4, 
      "team": 7
    }
  }, 
  {
    "pk": 54, 
    "model": "tournament_schenkel.schenkelresult", 
    "fields": {
      "scoring": 1, 
      "end": 6, 
      "match": 4, 
      "team": 7
    }
  }, 
  {
    "pk": 55, 
    "model": "tournament_schenkel.schenkelresult", 
    "fields": {
      "scoring": 1, 
      "end": 7, 
      "match": 4, 
      "team": 7
    }
  }, 
  {
    "pk": 56, 
    "model": "tournament_schenkel.schenkelresult", 
    "fields": {
      "scoring": 1, 
      "end": 8, 
      "match": 4, 
      "team": 7
    }
  }, 
  {
    "pk": 50, 
    "model": "tournament_schenkel.schenkelresult", 
    "fields": {
      "scoring": 2, 
      "end": 2, 
      "match": 4, 
      "team": 8
    }
  }, 
  {
    "pk": 52, 
    "model": "tournament_schenkel.schenkelresult", 
    "fields": {
      "scoring": 2, 
      "end": 4, 
      "match": 4, 
      "team": 8
    }
  }, 
  {
    "pk": 59, 
    "model": "tournament_schenkel.schenkelresult", 
    "fields": {
      "scoring": 3, 
      "end": 3, 
      "match": 5, 
      "team": 10
    }
  }, 
  {
    "pk": 60, 
    "model": "tournament_schenkel.schenkelresult", 
    "fields": {
      "scoring": 1, 
      "end": 4, 
      "match": 5, 
      "team": 10
    }
  }, 
  {
    "pk": 63, 
    "model": "tournament_schenkel.schenkelresult", 
    "fields": {
      "scoring": 1, 
      "end": 7, 
      "match": 5, 
      "team": 10
    }
  }, 
  {
    "pk": 57, 
    "model": "tournament_schenkel.schenkelresult", 
    "fields": {
      "scoring": 2, 
      "end": 1, 
      "match": 5, 
      "team": 9
    }
  }, 
  {
    "pk": 58, 
    "model": "tournament_schenkel.schenkelresult", 
    "fields": {
      "scoring": 0, 
      "end": 2, 
      "match": 5, 
      "team": 9
    }
  }, 
  {
    "pk": 61, 
    "model": "tournament_schenkel.schenkelresult", 
    "fields": {
      "scoring": 2, 
      "end": 5, 
      "match": 5, 
      "team": 9
    }
  }, 
  {
    "pk": 62, 
    "model": "tournament_schenkel.schenkelresult", 
    "fields": {
      "scoring": 0, 
      "end": 6, 
      "match": 5, 
      "team": 9
    }
  }, 
  {
    "pk": 64, 
    "model": "tournament_schenkel.schenkelresult", 
    "fields": {
      "scoring": 2, 
      "end": 8, 
      "match": 5, 
      "team": 9
    }
  }, 
  {
    "pk": 65, 
    "model": "tournament_schenkel.schenkelresult", 
    "fields": {
      "scoring": 1, 
      "end": 1, 
      "match": 6, 
      "team": 11
    }
  }, 
  {
    "pk": 66, 
    "model": "tournament_schenkel.schenkelresult", 
    "fields": {
      "scoring": 0, 
      "end": 2, 
      "match": 6, 
      "team": 11
    }
  }, 
  {
    "pk": 67, 
    "model": "tournament_schenkel.schenkelresult", 
    "fields": {
      "scoring": 2, 
      "end": 3, 
      "match": 6, 
      "team": 11
    }
  }, 
  {
    "pk": 70, 
    "model": "tournament_schenkel.schenkelresult", 
    "fields": {
      "scoring": 1, 
      "end": 6, 
      "match": 6, 
      "team": 11
    }
  }, 
  {
    "pk": 72, 
    "model": "tournament_schenkel.schenkelresult", 
    "fields": {
      "scoring": 2, 
      "end": 8, 
      "match": 6, 
      "team": 11
    }
  }, 
  {
    "pk": 68, 
    "model": "tournament_schenkel.schenkelresult", 
    "fields": {
      "scoring": 4, 
      "end": 4, 
      "match": 6, 
      "team": 12
    }
  }, 
  {
    "pk": 69, 
    "model": "tournament_schenkel.schenkelresult", 
    "fields": {
      "scoring": 1, 
      "end": 5, 
      "match": 6, 
      "team": 12
    }
  }, 
  {
    "pk": 71, 
    "model": "tournament_schenkel.schenkelresult", 
    "fields": {
      "scoring": 2, 
      "end": 7, 
      "match": 6, 
      "team": 12
    }
  }, 
  {
    "pk": 73, 
    "model": "tournament_schenkel.schenkelresult", 
    "fields": {
      "scoring": 2, 
      "end": 1, 
      "match": 7, 
      "team": 13
    }
  }, 
  {
    "pk": 75, 
    "model": "tournament_schenkel.schenkelresult", 
    "fields": {
      "scoring": 2, 
      "end": 3, 
      "match": 7, 
      "team": 13
    }
  }, 
  {
    "pk": 76, 
    "model": "tournament_schenkel.schenkelresult", 
    "fields": {
      "scoring": 1, 
      "end": 4, 
      "match": 7, 
      "team": 13
    }
  }, 
  {
    "pk": 78, 
    "model": "tournament_schenkel.schenkelresult", 
    "fields": {
      "scoring": 2, 
      "end": 6, 
      "match": 7, 
      "team": 13
    }
  }, 
  {
    "pk": 80, 
    "model": "tournament_schenkel.schenkelresult", 
    "fields": {
      "scoring": 2, 
      "end": 8, 
      "match": 7, 
      "team": 13
    }
  }, 
  {
    "pk": 74, 
    "model": "tournament_schenkel.schenkelresult", 
    "fields": {
      "scoring": 1, 
      "end": 2, 
      "match": 7, 
      "team": 14
    }
  }, 
  {
    "pk": 77, 
    "model": "tournament_schenkel.schenkelresult", 
    "fields": {
      "scoring": 2, 
      "end": 5, 
      "match": 7, 
      "team": 14
    }
  }, 
  {
    "pk": 79, 
    "model": "tournament_schenkel.schenkelresult", 
    "fields": {
      "scoring": 1, 
      "end": 7, 
      "match": 7, 
      "team": 14
    }
  }, 
  {
    "pk": 81, 
    "model": "tournament_schenkel.schenkelresult", 
    "fields": {
      "scoring": 2, 
      "end": 1, 
      "match": 8, 
      "team": 15
    }
  }, 
  {
    "pk": 83, 
    "model": "tournament_schenkel.schenkelresult", 
    "fields": {
      "scoring": 2, 
      "end": 3, 
      "match": 8, 
      "team": 15
    }
  }, 
  {
    "pk": 84, 
    "model": "tournament_schenkel.schenkelresult", 
    "fields": {
      "scoring": 2, 
      "end": 4, 
      "match": 8, 
      "team": 15
    }
  }, 
  {
    "pk": 85, 
    "model": "tournament_schenkel.schenkelresult", 
    "fields": {
      "scoring": 2, 
      "end": 5, 
      "match": 8, 
      "team": 15
    }
  }, 
  {
    "pk": 86, 
    "model": "tournament_schenkel.schenkelresult", 
    "fields": {
      "scoring": 0, 
      "end": 6, 
      "match": 8, 
      "team": 15
    }
  }, 
  {
    "pk": 87, 
    "model": "tournament_schenkel.schenkelresult", 
    "fields": {
      "scoring": 2, 
      "end": 7, 
      "match": 8, 
      "team": 15
    }
  }, 
  {
    "pk": 82, 
    "model": "tournament_schenkel.schenkelresult", 
    "fields": {
      "scoring": 2, 
      "end": 2, 
      "match": 8, 
      "team": 16
    }
  }, 
  {
    "pk": 88, 
    "model": "tournament_schenkel.schenkelresult", 
    "fields": {
      "scoring": 1, 
      "end": 8, 
      "match": 8, 
      "team": 16
    }
  }, 
  {
    "pk": 89, 
    "model": "tournament_schenkel.schenkelresult", 
    "fields": {
      "scoring": 2, 
      "end": 1, 
      "match": 9, 
      "team": 17
    }
  }, 
  {
    "pk": 90, 
    "model": "tournament_schenkel.schenkelresult", 
    "fields": {
      "scoring": 0, 
      "end": 2, 
      "match": 9, 
      "team": 17
    }
  }, 
  {
    "pk": 92, 
    "model": "tournament_schenkel.schenkelresult", 
    "fields": {
      "scoring": 2, 
      "end": 4, 
      "match": 9, 
      "team": 17
    }
  }, 
  {
    "pk": 93, 
    "model": "tournament_schenkel.schenkelresult", 
    "fields": {
      "scoring": 2, 
      "end": 5, 
      "match": 9, 
      "team": 17
    }
  }, 
  {
    "pk": 95, 
    "model": "tournament_schenkel.schenkelresult", 
    "fields": {
      "scoring": 2, 
      "end": 7, 
      "match": 9, 
      "team": 17
    }
  }, 
  {
    "pk": 91, 
    "model": "tournament_schenkel.schenkelresult", 
    "fields": {
      "scoring": 1, 
      "end": 3, 
      "match": 9, 
      "team": 18
    }
  }, 
  {
    "pk": 94, 
    "model": "tournament_schenkel.schenkelresult", 
    "fields": {
      "scoring": 1, 
      "end": 6, 
      "match": 9, 
      "team": 18
    }
  }, 
  {
    "pk": 96, 
    "model": "tournament_schenkel.schenkelresult", 
    "fields": {
      "scoring": 2, 
      "end": 8, 
      "match": 9, 
      "team": 18
    }
  }, 
  {
    "pk": 25, 
    "model": "tournament_schenkel.schenkelresult", 
    "fields": {
      "scoring": 2, 
      "end": 1, 
      "match": 10, 
      "team": 3
    }
  }, 
  {
    "pk": 27, 
    "model": "tournament_schenkel.schenkelresult", 
    "fields": {
      "scoring": 2, 
      "end": 3, 
      "match": 10, 
      "team": 3
    }
  }, 
  {
    "pk": 29, 
    "model": "tournament_schenkel.schenkelresult", 
    "fields": {
      "scoring": 1, 
      "end": 5, 
      "match": 10, 
      "team": 3
    }
  }, 
  {
    "pk": 31, 
    "model": "tournament_schenkel.schenkelresult", 
    "fields": {
      "scoring": 0, 
      "end": 7, 
      "match": 10, 
      "team": 3
    }
  }, 
  {
    "pk": 26, 
    "model": "tournament_schenkel.schenkelresult", 
    "fields": {
      "scoring": 1, 
      "end": 2, 
      "match": 10, 
      "team": 5
    }
  }, 
  {
    "pk": 28, 
    "model": "tournament_schenkel.schenkelresult", 
    "fields": {
      "scoring": 2, 
      "end": 4, 
      "match": 10, 
      "team": 5
    }
  }, 
  {
    "pk": 30, 
    "model": "tournament_schenkel.schenkelresult", 
    "fields": {
      "scoring": 2, 
      "end": 6, 
      "match": 10, 
      "team": 5
    }
  }, 
  {
    "pk": 48, 
    "model": "tournament_schenkel.schenkelresult", 
    "fields": {
      "scoring": 1, 
      "end": 8, 
      "match": 10, 
      "team": 5
    }
  }, 
  {
    "pk": 34, 
    "model": "tournament_schenkel.schenkelresult", 
    "fields": {
      "scoring": 1, 
      "end": 3, 
      "match": 11, 
      "team": 1
    }
  }, 
  {
    "pk": 36, 
    "model": "tournament_schenkel.schenkelresult", 
    "fields": {
      "scoring": 3, 
      "end": 5, 
      "match": 11, 
      "team": 1
    }
  }, 
  {
    "pk": 37, 
    "model": "tournament_schenkel.schenkelresult", 
    "fields": {
      "scoring": 1, 
      "end": 6, 
      "match": 11, 
      "team": 1
    }
  }, 
  {
    "pk": 38, 
    "model": "tournament_schenkel.schenkelresult", 
    "fields": {
      "scoring": 2, 
      "end": 7, 
      "match": 11, 
      "team": 1
    }
  }, 
  {
    "pk": 39, 
    "model": "tournament_schenkel.schenkelresult", 
    "fields": {
      "scoring": 1, 
      "end": 8, 
      "match": 11, 
      "team": 1
    }
  }, 
  {
    "pk": 32, 
    "model": "tournament_schenkel.schenkelresult", 
    "fields": {
      "scoring": 2, 
      "end": 1, 
      "match": 11, 
      "team": 2
    }
  }, 
  {
    "pk": 33, 
    "model": "tournament_schenkel.schenkelresult", 
    "fields": {
      "scoring": 2, 
      "end": 2, 
      "match": 11, 
      "team": 2
    }
  }, 
  {
    "pk": 35, 
    "model": "tournament_schenkel.schenkelresult", 
    "fields": {
      "scoring": 2, 
      "end": 4, 
      "match": 11, 
      "team": 2
    }
  }, 
  {
    "pk": 41, 
    "model": "tournament_schenkel.schenkelresult", 
    "fields": {
      "scoring": 2, 
      "end": 2, 
      "match": 12, 
      "team": 4
    }
  }, 
  {
    "pk": 42, 
    "model": "tournament_schenkel.schenkelresult", 
    "fields": {
      "scoring": 1, 
      "end": 3, 
      "match": 12, 
      "team": 4
    }
  }, 
  {
    "pk": 45, 
    "model": "tournament_schenkel.schenkelresult", 
    "fields": {
      "scoring": 2, 
      "end": 6, 
      "match": 12, 
      "team": 4
    }
  }, 
  {
    "pk": 46, 
    "model": "tournament_schenkel.schenkelresult", 
    "fields": {
      "scoring": 1, 
      "end": 7, 
      "match": 12, 
      "team": 4
    }
  }, 
  {
    "pk": 40, 
    "model": "tournament_schenkel.schenkelresult", 
    "fields": {
      "scoring": 1, 
      "end": 1, 
      "match": 12, 
      "team": 6
    }
  }, 
  {
    "pk": 43, 
    "model": "tournament_schenkel.schenkelresult", 
    "fields": {
      "scoring": 2, 
      "end": 4, 
      "match": 12, 
      "team": 6
    }
  }, 
  {
    "pk": 44, 
    "model": "tournament_schenkel.schenkelresult", 
    "fields": {
      "scoring": 1, 
      "end": 5, 
      "match": 12, 
      "team": 6
    }
  }, 
  {
    "pk": 47, 
    "model": "tournament_schenkel.schenkelresult", 
    "fields": {
      "scoring": 3, 
      "end": 8, 
      "match": 12, 
      "team": 6
    }
  }, 
  {
    "pk": 99, 
    "model": "tournament_schenkel.schenkelresult", 
    "fields": {
      "scoring": 2, 
      "end": 3, 
      "match": 13, 
      "team": 12
    }
  }, 
  {
    "pk": 102, 
    "model": "tournament_schenkel.schenkelresult", 
    "fields": {
      "scoring": 1, 
      "end": 6, 
      "match": 13, 
      "team": 12
    }
  }, 
  {
    "pk": 97, 
    "model": "tournament_schenkel.schenkelresult", 
    "fields": {
      "scoring": 2, 
      "end": 1, 
      "match": 13, 
      "team": 7
    }
  }, 
  {
    "pk": 98, 
    "model": "tournament_schenkel.schenkelresult", 
    "fields": {
      "scoring": 1, 
      "end": 2, 
      "match": 13, 
      "team": 7
    }
  }, 
  {
    "pk": 100, 
    "model": "tournament_schenkel.schenkelresult", 
    "fields": {
      "scoring": 1, 
      "end": 4, 
      "match": 13, 
      "team": 7
    }
  }, 
  {
    "pk": 101, 
    "model": "tournament_schenkel.schenkelresult", 
    "fields": {
      "scoring": 2, 
      "end": 5, 
      "match": 13, 
      "team": 7
    }
  }, 
  {
    "pk": 103, 
    "model": "tournament_schenkel.schenkelresult", 
    "fields": {
      "scoring": 2, 
      "end": 7, 
      "match": 13, 
      "team": 7
    }
  }, 
  {
    "pk": 104, 
    "model": "tournament_schenkel.schenkelresult", 
    "fields": {
      "scoring": 0, 
      "end": 8, 
      "match": 13, 
      "team": 7
    }
  }, 
  {
    "pk": 107, 
    "model": "tournament_schenkel.schenkelresult", 
    "fields": {
      "scoring": 2, 
      "end": 3, 
      "match": 14, 
      "team": 11
    }
  }, 
  {
    "pk": 109, 
    "model": "tournament_schenkel.schenkelresult", 
    "fields": {
      "scoring": 2, 
      "end": 5, 
      "match": 14, 
      "team": 11
    }
  }, 
  {
    "pk": 111, 
    "model": "tournament_schenkel.schenkelresult", 
    "fields": {
      "scoring": 2, 
      "end": 7, 
      "match": 14, 
      "team": 11
    }
  }, 
  {
    "pk": 105, 
    "model": "tournament_schenkel.schenkelresult", 
    "fields": {
      "scoring": 2, 
      "end": 1, 
      "match": 14, 
      "team": 9
    }
  }, 
  {
    "pk": 106, 
    "model": "tournament_schenkel.schenkelresult", 
    "fields": {
      "scoring": 1, 
      "end": 2, 
      "match": 14, 
      "team": 9
    }
  }, 
  {
    "pk": 108, 
    "model": "tournament_schenkel.schenkelresult", 
    "fields": {
      "scoring": 1, 
      "end": 4, 
      "match": 14, 
      "team": 9
    }
  }, 
  {
    "pk": 110, 
    "model": "tournament_schenkel.schenkelresult", 
    "fields": {
      "scoring": 1, 
      "end": 6, 
      "match": 14, 
      "team": 9
    }
  }, 
  {
    "pk": 112, 
    "model": "tournament_schenkel.schenkelresult", 
    "fields": {
      "scoring": 1, 
      "end": 1, 
      "match": 15, 
      "team": 10
    }
  }, 
  {
    "pk": 113, 
    "model": "tournament_schenkel.schenkelresult", 
    "fields": {
      "scoring": 2, 
      "end": 2, 
      "match": 15, 
      "team": 10
    }
  }, 
  {
    "pk": 115, 
    "model": "tournament_schenkel.schenkelresult", 
    "fields": {
      "scoring": 2, 
      "end": 4, 
      "match": 15, 
      "team": 10
    }
  }, 
  {
    "pk": 116, 
    "model": "tournament_schenkel.schenkelresult", 
    "fields": {
      "scoring": 2, 
      "end": 5, 
      "match": 15, 
      "team": 10
    }
  }, 
  {
    "pk": 114, 
    "model": "tournament_schenkel.schenkelresult", 
    "fields": {
      "scoring": 1, 
      "end": 3, 
      "match": 15, 
      "team": 8
    }
  }, 
  {
    "pk": 117, 
    "model": "tournament_schenkel.schenkelresult", 
    "fields": {
      "scoring": 1, 
      "end": 6, 
      "match": 15, 
      "team": 8
    }
  }, 
  {
    "pk": 118, 
    "model": "tournament_schenkel.schenkelresult", 
    "fields": {
      "scoring": 2, 
      "end": 7, 
      "match": 15, 
      "team": 8
    }
  }, 
  {
    "pk": 119, 
    "model": "tournament_schenkel.schenkelresult", 
    "fields": {
      "scoring": 2, 
      "end": 8, 
      "match": 15, 
      "team": 8
    }
  }, 
  {
    "pk": 122, 
    "model": "tournament_schenkel.schenkelresult", 
    "fields": {
      "scoring": 2, 
      "end": 3, 
      "match": 16, 
      "team": 13
    }
  }, 
  {
    "pk": 125, 
    "model": "tournament_schenkel.schenkelresult", 
    "fields": {
      "scoring": 2, 
      "end": 6, 
      "match": 16, 
      "team": 13
    }
  }, 
  {
    "pk": 120, 
    "model": "tournament_schenkel.schenkelresult", 
    "fields": {
      "scoring": 2, 
      "end": 1, 
      "match": 16, 
      "team": 15
    }
  }, 
  {
    "pk": 121, 
    "model": "tournament_schenkel.schenkelresult", 
    "fields": {
      "scoring": 1, 
      "end": 2, 
      "match": 16, 
      "team": 15
    }
  }, 
  {
    "pk": 123, 
    "model": "tournament_schenkel.schenkelresult", 
    "fields": {
      "scoring": 2, 
      "end": 4, 
      "match": 16, 
      "team": 15
    }
  }, 
  {
    "pk": 124, 
    "model": "tournament_schenkel.schenkelresult", 
    "fields": {
      "scoring": 1, 
      "end": 5, 
      "match": 16, 
      "team": 15
    }
  }, 
  {
    "pk": 126, 
    "model": "tournament_schenkel.schenkelresult", 
    "fields": {
      "scoring": 1, 
      "end": 7, 
      "match": 16, 
      "team": 15
    }
  }, 
  {
    "pk": 127, 
    "model": "tournament_schenkel.schenkelresult", 
    "fields": {
      "scoring": 2, 
      "end": 1, 
      "match": 17, 
      "team": 17
    }
  }, 
  {
    "pk": 129, 
    "model": "tournament_schenkel.schenkelresult", 
    "fields": {
      "scoring": 2, 
      "end": 3, 
      "match": 17, 
      "team": 17
    }
  }, 
  {
    "pk": 131, 
    "model": "tournament_schenkel.schenkelresult", 
    "fields": {
      "scoring": 1, 
      "end": 5, 
      "match": 17, 
      "team": 17
    }
  }, 
  {
    "pk": 132, 
    "model": "tournament_schenkel.schenkelresult", 
    "fields": {
      "scoring": 2, 
      "end": 6, 
      "match": 17, 
      "team": 17
    }
  }, 
  {
    "pk": 128, 
    "model": "tournament_schenkel.schenkelresult", 
    "fields": {
      "scoring": 1, 
      "end": 2, 
      "match": 17, 
      "team": 18
    }
  }, 
  {
    "pk": 130, 
    "model": "tournament_schenkel.schenkelresult", 
    "fields": {
      "scoring": 1, 
      "end": 4, 
      "match": 17, 
      "team": 18
    }
  }, 
  {
    "pk": 133, 
    "model": "tournament_schenkel.schenkelresult", 
    "fields": {
      "scoring": 2, 
      "end": 7, 
      "match": 17, 
      "team": 18
    }
  }, 
  {
    "pk": 134, 
    "model": "tournament_schenkel.schenkelresult", 
    "fields": {
      "scoring": 1, 
      "end": 1, 
      "match": 18, 
      "team": 14
    }
  }, 
  {
    "pk": 135, 
    "model": "tournament_schenkel.schenkelresult", 
    "fields": {
      "scoring": 0, 
      "end": 2, 
      "match": 18, 
      "team": 14
    }
  }, 
  {
    "pk": 136, 
    "model": "tournament_schenkel.schenkelresult", 
    "fields": {
      "scoring": 2, 
      "end": 3, 
      "match": 18, 
      "team": 14
    }
  }, 
  {
    "pk": 138, 
    "model": "tournament_schenkel.schenkelresult", 
    "fields": {
      "scoring": 2, 
      "end": 5, 
      "match": 18, 
      "team": 14
    }
  }, 
  {
    "pk": 140, 
    "model": "tournament_schenkel.schenkelresult", 
    "fields": {
      "scoring": 1, 
      "end": 7, 
      "match": 18, 
      "team": 14
    }
  }, 
  {
    "pk": 137, 
    "model": "tournament_schenkel.schenkelresult", 
    "fields": {
      "scoring": 1, 
      "end": 4, 
      "match": 18, 
      "team": 16
    }
  }, 
  {
    "pk": 139, 
    "model": "tournament_schenkel.schenkelresult", 
    "fields": {
      "scoring": 2, 
      "end": 6, 
      "match": 18, 
      "team": 16
    }
  }, 
  {
    "pk": 142, 
    "model": "tournament_schenkel.schenkelresult", 
    "fields": {
      "scoring": 2, 
      "end": 2, 
      "match": 19, 
      "team": 1
    }
  }, 
  {
    "pk": 144, 
    "model": "tournament_schenkel.schenkelresult", 
    "fields": {
      "scoring": 3, 
      "end": 4, 
      "match": 19, 
      "team": 1
    }
  }, 
  {
    "pk": 146, 
    "model": "tournament_schenkel.schenkelresult", 
    "fields": {
      "scoring": 1, 
      "end": 6, 
      "match": 19, 
      "team": 1
    }
  }, 
  {
    "pk": 141, 
    "model": "tournament_schenkel.schenkelresult", 
    "fields": {
      "scoring": 1, 
      "end": 1, 
      "match": 19, 
      "team": 5
    }
  }, 
  {
    "pk": 143, 
    "model": "tournament_schenkel.schenkelresult", 
    "fields": {
      "scoring": 1, 
      "end": 3, 
      "match": 19, 
      "team": 5
    }
  }, 
  {
    "pk": 145, 
    "model": "tournament_schenkel.schenkelresult", 
    "fields": {
      "scoring": 2, 
      "end": 5, 
      "match": 19, 
      "team": 5
    }
  }, 
  {
    "pk": 147, 
    "model": "tournament_schenkel.schenkelresult", 
    "fields": {
      "scoring": 1, 
      "end": 7, 
      "match": 19, 
      "team": 5
    }
  }, 
  {
    "pk": 148, 
    "model": "tournament_schenkel.schenkelresult", 
    "fields": {
      "scoring": 2, 
      "end": 1, 
      "match": 20, 
      "team": 3
    }
  }, 
  {
    "pk": 149, 
    "model": "tournament_schenkel.schenkelresult", 
    "fields": {
      "scoring": 2, 
      "end": 2, 
      "match": 20, 
      "team": 3
    }
  }, 
  {
    "pk": 150, 
    "model": "tournament_schenkel.schenkelresult", 
    "fields": {
      "scoring": 0, 
      "end": 3, 
      "match": 20, 
      "team": 3
    }
  }, 
  {
    "pk": 151, 
    "model": "tournament_schenkel.schenkelresult", 
    "fields": {
      "scoring": 2, 
      "end": 4, 
      "match": 20, 
      "team": 3
    }
  }, 
  {
    "pk": 153, 
    "model": "tournament_schenkel.schenkelresult", 
    "fields": {
      "scoring": 1, 
      "end": 6, 
      "match": 20, 
      "team": 3
    }
  }, 
  {
    "pk": 154, 
    "model": "tournament_schenkel.schenkelresult", 
    "fields": {
      "scoring": 1, 
      "end": 7, 
      "match": 20, 
      "team": 3
    }
  }, 
  {
    "pk": 152, 
    "model": "tournament_schenkel.schenkelresult", 
    "fields": {
      "scoring": 3, 
      "end": 5, 
      "match": 20, 
      "team": 6
    }
  }, 
  {
    "pk": 155, 
    "model": "tournament_schenkel.schenkelresult", 
    "fields": {
      "scoring": 2, 
      "end": 1, 
      "match": 21, 
      "team": 2
    }
  }, 
  {
    "pk": 157, 
    "model": "tournament_schenkel.schenkelresult", 
    "fields": {
      "scoring": 3, 
      "end": 3, 
      "match": 21, 
      "team": 2
    }
  }, 
  {
    "pk": 158, 
    "model": "tournament_schenkel.schenkelresult", 
    "fields": {
      "scoring": 3, 
      "end": 4, 
      "match": 21, 
      "team": 2
    }
  }, 
  {
    "pk": 162, 
    "model": "tournament_schenkel.schenkelresult", 
    "fields": {
      "scoring": 2, 
      "end": 8, 
      "match": 21, 
      "team": 2
    }
  }, 
  {
    "pk": 156, 
    "model": "tournament_schenkel.schenkelresult", 
    "fields": {
      "scoring": 4, 
      "end": 2, 
      "match": 21, 
      "team": 4
    }
  }, 
  {
    "pk": 159, 
    "model": "tournament_schenkel.schenkelresult", 
    "fields": {
      "scoring": 1, 
      "end": 5, 
      "match": 21, 
      "team": 4
    }
  }, 
  {
    "pk": 160, 
    "model": "tournament_schenkel.schenkelresult", 
    "fields": {
      "scoring": 1, 
      "end": 6, 
      "match": 21, 
      "team": 4
    }
  }, 
  {
    "pk": 161, 
    "model": "tournament_schenkel.schenkelresult", 
    "fields": {
      "scoring": 1, 
      "end": 7, 
      "match": 21, 
      "team": 4
    }
  }, 
  {
    "pk": 164, 
    "model": "tournament_schenkel.schenkelresult", 
    "fields": {
      "scoring": 2, 
      "end": 2, 
      "match": 22, 
      "team": 10
    }
  }, 
  {
    "pk": 167, 
    "model": "tournament_schenkel.schenkelresult", 
    "fields": {
      "scoring": 1, 
      "end": 5, 
      "match": 22, 
      "team": 10
    }
  }, 
  {
    "pk": 163, 
    "model": "tournament_schenkel.schenkelresult", 
    "fields": {
      "scoring": 2, 
      "end": 1, 
      "match": 22, 
      "team": 7
    }
  }, 
  {
    "pk": 165, 
    "model": "tournament_schenkel.schenkelresult", 
    "fields": {
      "scoring": 1, 
      "end": 3, 
      "match": 22, 
      "team": 7
    }
  }, 
  {
    "pk": 166, 
    "model": "tournament_schenkel.schenkelresult", 
    "fields": {
      "scoring": 2, 
      "end": 4, 
      "match": 22, 
      "team": 7
    }
  }, 
  {
    "pk": 168, 
    "model": "tournament_schenkel.schenkelresult", 
    "fields": {
      "scoring": 0, 
      "end": 6, 
      "match": 22, 
      "team": 7
    }
  }, 
  {
    "pk": 169, 
    "model": "tournament_schenkel.schenkelresult", 
    "fields": {
      "scoring": 2, 
      "end": 7, 
      "match": 22, 
      "team": 7
    }
  }, 
  {
    "pk": 170, 
    "model": "tournament_schenkel.schenkelresult", 
    "fields": {
      "scoring": 1, 
      "end": 8, 
      "match": 22, 
      "team": 7
    }
  }, 
  {
    "pk": 171, 
    "model": "tournament_schenkel.schenkelresult", 
    "fields": {
      "scoring": 2, 
      "end": 1, 
      "match": 23, 
      "team": 11
    }
  }, 
  {
    "pk": 172, 
    "model": "tournament_schenkel.schenkelresult", 
    "fields": {
      "scoring": 1, 
      "end": 2, 
      "match": 23, 
      "team": 11
    }
  }, 
  {
    "pk": 175, 
    "model": "tournament_schenkel.schenkelresult", 
    "fields": {
      "scoring": 1, 
      "end": 5, 
      "match": 23, 
      "team": 11
    }
  }, 
  {
    "pk": 177, 
    "model": "tournament_schenkel.schenkelresult", 
    "fields": {
      "scoring": 1, 
      "end": 7, 
      "match": 23, 
      "team": 11
    }
  }, 
  {
    "pk": 173, 
    "model": "tournament_schenkel.schenkelresult", 
    "fields": {
      "scoring": 3, 
      "end": 3, 
      "match": 23, 
      "team": 9
    }
  }, 
  {
    "pk": 174, 
    "model": "tournament_schenkel.schenkelresult", 
    "fields": {
      "scoring": 2, 
      "end": 4, 
      "match": 23, 
      "team": 9
    }
  }, 
  {
    "pk": 176, 
    "model": "tournament_schenkel.schenkelresult", 
    "fields": {
      "scoring": 2, 
      "end": 6, 
      "match": 23, 
      "team": 9
    }
  }, 
  {
    "pk": 178, 
    "model": "tournament_schenkel.schenkelresult", 
    "fields": {
      "scoring": 1, 
      "end": 8, 
      "match": 23, 
      "team": 9
    }
  }, 
  {
    "pk": 179, 
    "model": "tournament_schenkel.schenkelresult", 
    "fields": {
      "scoring": 3, 
      "end": 1, 
      "match": 24, 
      "team": 12
    }
  }, 
  {
    "pk": 180, 
    "model": "tournament_schenkel.schenkelresult", 
    "fields": {
      "scoring": 0, 
      "end": 2, 
      "match": 24, 
      "team": 12
    }
  }, 
  {
    "pk": 181, 
    "model": "tournament_schenkel.schenkelresult", 
    "fields": {
      "scoring": 0, 
      "end": 3, 
      "match": 24, 
      "team": 12
    }
  }, 
  {
    "pk": 182, 
    "model": "tournament_schenkel.schenkelresult", 
    "fields": {
      "scoring": 1, 
      "end": 4, 
      "match": 24, 
      "team": 12
    }
  }, 
  {
    "pk": 183, 
    "model": "tournament_schenkel.schenkelresult", 
    "fields": {
      "scoring": 0, 
      "end": 5, 
      "match": 24, 
      "team": 12
    }
  }, 
  {
    "pk": 185, 
    "model": "tournament_schenkel.schenkelresult", 
    "fields": {
      "scoring": 3, 
      "end": 7, 
      "match": 24, 
      "team": 12
    }
  }, 
  {
    "pk": 184, 
    "model": "tournament_schenkel.schenkelresult", 
    "fields": {
      "scoring": 2, 
      "end": 6, 
      "match": 24, 
      "team": 8
    }
  }, 
  {
    "pk": 186, 
    "model": "tournament_schenkel.schenkelresult", 
    "fields": {
      "scoring": 1, 
      "end": 8, 
      "match": 24, 
      "team": 8
    }
  }, 
  {
    "pk": 187, 
    "model": "tournament_schenkel.schenkelresult", 
    "fields": {
      "scoring": 2, 
      "end": 1, 
      "match": 25, 
      "team": 15
    }
  }, 
  {
    "pk": 188, 
    "model": "tournament_schenkel.schenkelresult", 
    "fields": {
      "scoring": 1, 
      "end": 2, 
      "match": 25, 
      "team": 15
    }
  }, 
  {
    "pk": 190, 
    "model": "tournament_schenkel.schenkelresult", 
    "fields": {
      "scoring": 2, 
      "end": 4, 
      "match": 25, 
      "team": 15
    }
  }, 
  {
    "pk": 192, 
    "model": "tournament_schenkel.schenkelresult", 
    "fields": {
      "scoring": 2, 
      "end": 6, 
      "match": 25, 
      "team": 15
    }
  }, 
  {
    "pk": 194, 
    "model": "tournament_schenkel.schenkelresult", 
    "fields": {
      "scoring": 0, 
      "end": 8, 
      "match": 25, 
      "team": 15
    }
  }, 
  {
    "pk": 189, 
    "model": "tournament_schenkel.schenkelresult", 
    "fields": {
      "scoring": 2, 
      "end": 3, 
      "match": 25, 
      "team": 17
    }
  }, 
  {
    "pk": 191, 
    "model": "tournament_schenkel.schenkelresult", 
    "fields": {
      "scoring": 1, 
      "end": 5, 
      "match": 25, 
      "team": 17
    }
  }, 
  {
    "pk": 193, 
    "model": "tournament_schenkel.schenkelresult", 
    "fields": {
      "scoring": 1, 
      "end": 7, 
      "match": 25, 
      "team": 17
    }
  }, 
  {
    "pk": 195, 
    "model": "tournament_schenkel.schenkelresult", 
    "fields": {
      "scoring": 2, 
      "end": 1, 
      "match": 26, 
      "team": 13
    }
  }, 
  {
    "pk": 196, 
    "model": "tournament_schenkel.schenkelresult", 
    "fields": {
      "scoring": 0, 
      "end": 2, 
      "match": 26, 
      "team": 13
    }
  }, 
  {
    "pk": 198, 
    "model": "tournament_schenkel.schenkelresult", 
    "fields": {
      "scoring": 1, 
      "end": 4, 
      "match": 26, 
      "team": 13
    }
  }, 
  {
    "pk": 200, 
    "model": "tournament_schenkel.schenkelresult", 
    "fields": {
      "scoring": 1, 
      "end": 6, 
      "match": 26, 
      "team": 13
    }
  }, 
  {
    "pk": 202, 
    "model": "tournament_schenkel.schenkelresult", 
    "fields": {
      "scoring": 0, 
      "end": 8, 
      "match": 26, 
      "team": 13
    }
  }, 
  {
    "pk": 197, 
    "model": "tournament_schenkel.schenkelresult", 
    "fields": {
      "scoring": 2, 
      "end": 3, 
      "match": 26, 
      "team": 14
    }
  }, 
  {
    "pk": 199, 
    "model": "tournament_schenkel.schenkelresult", 
    "fields": {
      "scoring": 2, 
      "end": 5, 
      "match": 26, 
      "team": 14
    }
  }, 
  {
    "pk": 201, 
    "model": "tournament_schenkel.schenkelresult", 
    "fields": {
      "scoring": 2, 
      "end": 7, 
      "match": 26, 
      "team": 14
    }
  }, 
  {
    "pk": 210, 
    "model": "tournament_schenkel.schenkelresult", 
    "fields": {
      "scoring": 1, 
      "end": 8, 
      "match": 27, 
      "team": 16
    }
  }, 
  {
    "pk": 203, 
    "model": "tournament_schenkel.schenkelresult", 
    "fields": {
      "scoring": 2, 
      "end": 1, 
      "match": 27, 
      "team": 18
    }
  }, 
  {
    "pk": 204, 
    "model": "tournament_schenkel.schenkelresult", 
    "fields": {
      "scoring": 3, 
      "end": 2, 
      "match": 27, 
      "team": 18
    }
  }, 
  {
    "pk": 205, 
    "model": "tournament_schenkel.schenkelresult", 
    "fields": {
      "scoring": 1, 
      "end": 3, 
      "match": 27, 
      "team": 18
    }
  }, 
  {
    "pk": 206, 
    "model": "tournament_schenkel.schenkelresult", 
    "fields": {
      "scoring": 2, 
      "end": 4, 
      "match": 27, 
      "team": 18
    }
  }, 
  {
    "pk": 207, 
    "model": "tournament_schenkel.schenkelresult", 
    "fields": {
      "scoring": 1, 
      "end": 5, 
      "match": 27, 
      "team": 18
    }
  }, 
  {
    "pk": 208, 
    "model": "tournament_schenkel.schenkelresult", 
    "fields": {
      "scoring": 2, 
      "end": 6, 
      "match": 27, 
      "team": 18
    }
  }, 
  {
    "pk": 209, 
    "model": "tournament_schenkel.schenkelresult", 
    "fields": {
      "scoring": 1, 
      "end": 7, 
      "match": 27, 
      "team": 18
    }
  }, 
  {
    "pk": 212, 
    "model": "tournament_schenkel.schenkelresult", 
    "fields": {
      "scoring": 2, 
      "end": 2, 
      "match": 28, 
      "team": 15
    }
  }, 
  {
    "pk": 214, 
    "model": "tournament_schenkel.schenkelresult", 
    "fields": {
      "scoring": 2, 
      "end": 4, 
      "match": 28, 
      "team": 15
    }
  }, 
  {
    "pk": 216, 
    "model": "tournament_schenkel.schenkelresult", 
    "fields": {
      "scoring": 2, 
      "end": 6, 
      "match": 28, 
      "team": 15
    }
  }, 
  {
    "pk": 211, 
    "model": "tournament_schenkel.schenkelresult", 
    "fields": {
      "scoring": 2, 
      "end": 1, 
      "match": 28, 
      "team": 7
    }
  }, 
  {
    "pk": 213, 
    "model": "tournament_schenkel.schenkelresult", 
    "fields": {
      "scoring": 2, 
      "end": 3, 
      "match": 28, 
      "team": 7
    }
  }, 
  {
    "pk": 215, 
    "model": "tournament_schenkel.schenkelresult", 
    "fields": {
      "scoring": 2, 
      "end": 5, 
      "match": 28, 
      "team": 7
    }
  }, 
  {
    "pk": 217, 
    "model": "tournament_schenkel.schenkelresult", 
    "fields": {
      "scoring": 2, 
      "end": 7, 
      "match": 28, 
      "team": 7
    }
  }, 
  {
    "pk": 218, 
    "model": "tournament_schenkel.schenkelresult", 
    "fields": {
      "scoring": 1, 
      "end": 8, 
      "match": 28, 
      "team": 7
    }
  }, 
  {
    "pk": 219, 
    "model": "tournament_schenkel.schenkelresult", 
    "fields": {
      "scoring": 2, 
      "end": 1, 
      "match": 29, 
      "team": 1
    }
  }, 
  {
    "pk": 220, 
    "model": "tournament_schenkel.schenkelresult", 
    "fields": {
      "scoring": 0, 
      "end": 2, 
      "match": 29, 
      "team": 1
    }
  }, 
  {
    "pk": 222, 
    "model": "tournament_schenkel.schenkelresult", 
    "fields": {
      "scoring": 2, 
      "end": 4, 
      "match": 29, 
      "team": 1
    }
  }, 
  {
    "pk": 223, 
    "model": "tournament_schenkel.schenkelresult", 
    "fields": {
      "scoring": 1, 
      "end": 5, 
      "match": 29, 
      "team": 1
    }
  }, 
  {
    "pk": 221, 
    "model": "tournament_schenkel.schenkelresult", 
    "fields": {
      "scoring": 1, 
      "end": 3, 
      "match": 29, 
      "team": 3
    }
  }, 
  {
    "pk": 224, 
    "model": "tournament_schenkel.schenkelresult", 
    "fields": {
      "scoring": 3, 
      "end": 6, 
      "match": 29, 
      "team": 3
    }
  }, 
  {
    "pk": 225, 
    "model": "tournament_schenkel.schenkelresult", 
    "fields": {
      "scoring": 2, 
      "end": 7, 
      "match": 29, 
      "team": 3
    }
  }, 
  {
    "pk": 226, 
    "model": "tournament_schenkel.schenkelresult", 
    "fields": {
      "scoring": 2, 
      "end": 8, 
      "match": 29, 
      "team": 3
    }
  }, 
  {
    "pk": 228, 
    "model": "tournament_schenkel.schenkelresult", 
    "fields": {
      "scoring": 2, 
      "end": 2, 
      "match": 30, 
      "team": 17
    }
  }, 
  {
    "pk": 233, 
    "model": "tournament_schenkel.schenkelresult", 
    "fields": {
      "scoring": 3, 
      "end": 7, 
      "match": 30, 
      "team": 17
    }
  }, 
  {
    "pk": 234, 
    "model": "tournament_schenkel.schenkelresult", 
    "fields": {
      "scoring": 1, 
      "end": 8, 
      "match": 30, 
      "team": 17
    }
  }, 
  {
    "pk": 227, 
    "model": "tournament_schenkel.schenkelresult", 
    "fields": {
      "scoring": 1, 
      "end": 1, 
      "match": 30, 
      "team": 5
    }
  }, 
  {
    "pk": 229, 
    "model": "tournament_schenkel.schenkelresult", 
    "fields": {
      "scoring": 2, 
      "end": 3, 
      "match": 30, 
      "team": 5
    }
  }, 
  {
    "pk": 230, 
    "model": "tournament_schenkel.schenkelresult", 
    "fields": {
      "scoring": 0, 
      "end": 4, 
      "match": 30, 
      "team": 5
    }
  }, 
  {
    "pk": 231, 
    "model": "tournament_schenkel.schenkelresult", 
    "fields": {
      "scoring": 2, 
      "end": 5, 
      "match": 30, 
      "team": 5
    }
  }, 
  {
    "pk": 232, 
    "model": "tournament_schenkel.schenkelresult", 
    "fields": {
      "scoring": 1, 
      "end": 6, 
      "match": 30, 
      "team": 5
    }
  }, 
  {
    "pk": 236, 
    "model": "tournament_schenkel.schenkelresult", 
    "fields": {
      "scoring": 1, 
      "end": 2, 
      "match": 31, 
      "team": 14
    }
  }, 
  {
    "pk": 235, 
    "model": "tournament_schenkel.schenkelresult", 
    "fields": {
      "scoring": 2, 
      "end": 1, 
      "match": 31, 
      "team": 9
    }
  }, 
  {
    "pk": 237, 
    "model": "tournament_schenkel.schenkelresult", 
    "fields": {
      "scoring": 0, 
      "end": 3, 
      "match": 31, 
      "team": 9
    }
  }, 
  {
    "pk": 238, 
    "model": "tournament_schenkel.schenkelresult", 
    "fields": {
      "scoring": 2, 
      "end": 4, 
      "match": 31, 
      "team": 9
    }
  }, 
  {
    "pk": 239, 
    "model": "tournament_schenkel.schenkelresult", 
    "fields": {
      "scoring": 2, 
      "end": 5, 
      "match": 31, 
      "team": 9
    }
  }, 
  {
    "pk": 240, 
    "model": "tournament_schenkel.schenkelresult", 
    "fields": {
      "scoring": 4, 
      "end": 6, 
      "match": 31, 
      "team": 9
    }
  }, 
  {
    "pk": 241, 
    "model": "tournament_schenkel.schenkelresult", 
    "fields": {
      "scoring": 2, 
      "end": 7, 
      "match": 31, 
      "team": 9
    }
  }, 
  {
    "pk": 242, 
    "model": "tournament_schenkel.schenkelresult", 
    "fields": {
      "scoring": 2, 
      "end": 8, 
      "match": 31, 
      "team": 9
    }
  }, 
  {
    "pk": 243, 
    "model": "tournament_schenkel.schenkelresult", 
    "fields": {
      "scoring": 2, 
      "end": 1, 
      "match": 32, 
      "team": 12
    }
  }, 
  {
    "pk": 245, 
    "model": "tournament_schenkel.schenkelresult", 
    "fields": {
      "scoring": 2, 
      "end": 3, 
      "match": 32, 
      "team": 12
    }
  }, 
  {
    "pk": 246, 
    "model": "tournament_schenkel.schenkelresult", 
    "fields": {
      "scoring": 1, 
      "end": 4, 
      "match": 32, 
      "team": 12
    }
  }, 
  {
    "pk": 249, 
    "model": "tournament_schenkel.schenkelresult", 
    "fields": {
      "scoring": 1, 
      "end": 7, 
      "match": 32, 
      "team": 12
    }
  }, 
  {
    "pk": 244, 
    "model": "tournament_schenkel.schenkelresult", 
    "fields": {
      "scoring": 2, 
      "end": 2, 
      "match": 32, 
      "team": 2
    }
  }, 
  {
    "pk": 247, 
    "model": "tournament_schenkel.schenkelresult", 
    "fields": {
      "scoring": 1, 
      "end": 5, 
      "match": 32, 
      "team": 2
    }
  }, 
  {
    "pk": 248, 
    "model": "tournament_schenkel.schenkelresult", 
    "fields": {
      "scoring": 2, 
      "end": 6, 
      "match": 32, 
      "team": 2
    }
  }, 
  {
    "pk": 250, 
    "model": "tournament_schenkel.schenkelresult", 
    "fields": {
      "scoring": 2, 
      "end": 8, 
      "match": 32, 
      "team": 2
    }
  }, 
  {
    "pk": 252, 
    "model": "tournament_schenkel.schenkelresult", 
    "fields": {
      "scoring": 2, 
      "end": 2, 
      "match": 33, 
      "team": 11
    }
  }, 
  {
    "pk": 254, 
    "model": "tournament_schenkel.schenkelresult", 
    "fields": {
      "scoring": 2, 
      "end": 4, 
      "match": 33, 
      "team": 11
    }
  }, 
  {
    "pk": 258, 
    "model": "tournament_schenkel.schenkelresult", 
    "fields": {
      "scoring": 1, 
      "end": 8, 
      "match": 33, 
      "team": 11
    }
  }, 
  {
    "pk": 251, 
    "model": "tournament_schenkel.schenkelresult", 
    "fields": {
      "scoring": 2, 
      "end": 1, 
      "match": 33, 
      "team": 18
    }
  }, 
  {
    "pk": 253, 
    "model": "tournament_schenkel.schenkelresult", 
    "fields": {
      "scoring": 2, 
      "end": 3, 
      "match": 33, 
      "team": 18
    }
  }, 
  {
    "pk": 255, 
    "model": "tournament_schenkel.schenkelresult", 
    "fields": {
      "scoring": 2, 
      "end": 5, 
      "match": 33, 
      "team": 18
    }
  }, 
  {
    "pk": 256, 
    "model": "tournament_schenkel.schenkelresult", 
    "fields": {
      "scoring": 1, 
      "end": 6, 
      "match": 33, 
      "team": 18
    }
  }, 
  {
    "pk": 257, 
    "model": "tournament_schenkel.schenkelresult", 
    "fields": {
      "scoring": 1, 
      "end": 7, 
      "match": 33, 
      "team": 18
    }
  }, 
  {
    "pk": 259, 
    "model": "tournament_schenkel.schenkelresult", 
    "fields": {
      "scoring": 2, 
      "end": 1, 
      "match": 34, 
      "team": 13
    }
  }, 
  {
    "pk": 260, 
    "model": "tournament_schenkel.schenkelresult", 
    "fields": {
      "scoring": 1, 
      "end": 2, 
      "match": 34, 
      "team": 13
    }
  }, 
  {
    "pk": 262, 
    "model": "tournament_schenkel.schenkelresult", 
    "fields": {
      "scoring": 2, 
      "end": 4, 
      "match": 34, 
      "team": 13
    }
  }, 
  {
    "pk": 264, 
    "model": "tournament_schenkel.schenkelresult", 
    "fields": {
      "scoring": 1, 
      "end": 6, 
      "match": 34, 
      "team": 13
    }
  }, 
  {
    "pk": 261, 
    "model": "tournament_schenkel.schenkelresult", 
    "fields": {
      "scoring": 2, 
      "end": 3, 
      "match": 34, 
      "team": 6
    }
  }, 
  {
    "pk": 263, 
    "model": "tournament_schenkel.schenkelresult", 
    "fields": {
      "scoring": 2, 
      "end": 5, 
      "match": 34, 
      "team": 6
    }
  }, 
  {
    "pk": 265, 
    "model": "tournament_schenkel.schenkelresult", 
    "fields": {
      "scoring": 2, 
      "end": 7, 
      "match": 34, 
      "team": 6
    }
  }, 
  {
    "pk": 266, 
    "model": "tournament_schenkel.schenkelresult", 
    "fields": {
      "scoring": 1, 
      "end": 1, 
      "match": 35, 
      "team": 10
    }
  }, 
  {
    "pk": 267, 
    "model": "tournament_schenkel.schenkelresult", 
    "fields": {
      "scoring": 2, 
      "end": 2, 
      "match": 35, 
      "team": 10
    }
  }, 
  {
    "pk": 270, 
    "model": "tournament_schenkel.schenkelresult", 
    "fields": {
      "scoring": 2, 
      "end": 5, 
      "match": 35, 
      "team": 10
    }
  }, 
  {
    "pk": 271, 
    "model": "tournament_schenkel.schenkelresult", 
    "fields": {
      "scoring": 2, 
      "end": 6, 
      "match": 35, 
      "team": 10
    }
  }, 
  {
    "pk": 273, 
    "model": "tournament_schenkel.schenkelresult", 
    "fields": {
      "scoring": 1, 
      "end": 8, 
      "match": 35, 
      "team": 10
    }
  }, 
  {
    "pk": 268, 
    "model": "tournament_schenkel.schenkelresult", 
    "fields": {
      "scoring": 2, 
      "end": 3, 
      "match": 35, 
      "team": 4
    }
  }, 
  {
    "pk": 269, 
    "model": "tournament_schenkel.schenkelresult", 
    "fields": {
      "scoring": 1, 
      "end": 4, 
      "match": 35, 
      "team": 4
    }
  }, 
  {
    "pk": 272, 
    "model": "tournament_schenkel.schenkelresult", 
    "fields": {
      "scoring": 2, 
      "end": 7, 
      "match": 35, 
      "team": 4
    }
  }, 
  {
    "pk": 280, 
    "model": "tournament_schenkel.schenkelresult", 
    "fields": {
      "scoring": 3, 
      "end": 7, 
      "match": 36, 
      "team": 16
    }
  }, 
  {
    "pk": 281, 
    "model": "tournament_schenkel.schenkelresult", 
    "fields": {
      "scoring": 1, 
      "end": 8, 
      "match": 36, 
      "team": 16
    }
  }, 
  {
    "pk": 274, 
    "model": "tournament_schenkel.schenkelresult", 
    "fields": {
      "scoring": 0, 
      "end": 1, 
      "match": 36, 
      "team": 8
    }
  }, 
  {
    "pk": 275, 
    "model": "tournament_schenkel.schenkelresult", 
    "fields": {
      "scoring": 2, 
      "end": 2, 
      "match": 36, 
      "team": 8
    }
  }, 
  {
    "pk": 276, 
    "model": "tournament_schenkel.schenkelresult", 
    "fields": {
      "scoring": 0, 
      "end": 3, 
      "match": 36, 
      "team": 8
    }
  }, 
  {
    "pk": 277, 
    "model": "tournament_schenkel.schenkelresult", 
    "fields": {
      "scoring": 1, 
      "end": 4, 
      "match": 36, 
      "team": 8
    }
  }, 
  {
    "pk": 278, 
    "model": "tournament_schenkel.schenkelresult", 
    "fields": {
      "scoring": 3, 
      "end": 5, 
      "match": 36, 
      "team": 8
    }
  }, 
  {
    "pk": 279, 
    "model": "tournament_schenkel.schenkelresult", 
    "fields": {
      "scoring": 2, 
      "end": 6, 
      "match": 36, 
      "team": 8
    }
  }, 
  {
    "pk": 283, 
    "model": "tournament_schenkel.schenkelresult", 
    "fields": {
      "scoring": 1, 
      "end": 2, 
      "match": 37, 
      "team": 3
    }
  }, 
  {
    "pk": 285, 
    "model": "tournament_schenkel.schenkelresult", 
    "fields": {
      "scoring": 2, 
      "end": 4, 
      "match": 37, 
      "team": 3
    }
  }, 
  {
    "pk": 287, 
    "model": "tournament_schenkel.schenkelresult", 
    "fields": {
      "scoring": 2, 
      "end": 6, 
      "match": 37, 
      "team": 3
    }
  }, 
  {
    "pk": 289, 
    "model": "tournament_schenkel.schenkelresult", 
    "fields": {
      "scoring": 1, 
      "end": 8, 
      "match": 37, 
      "team": 3
    }
  }, 
  {
    "pk": 282, 
    "model": "tournament_schenkel.schenkelresult", 
    "fields": {
      "scoring": 2, 
      "end": 1, 
      "match": 37, 
      "team": 7
    }
  }, 
  {
    "pk": 284, 
    "model": "tournament_schenkel.schenkelresult", 
    "fields": {
      "scoring": 2, 
      "end": 3, 
      "match": 37, 
      "team": 7
    }
  }, 
  {
    "pk": 286, 
    "model": "tournament_schenkel.schenkelresult", 
    "fields": {
      "scoring": 2, 
      "end": 5, 
      "match": 37, 
      "team": 7
    }
  }, 
  {
    "pk": 288, 
    "model": "tournament_schenkel.schenkelresult", 
    "fields": {
      "scoring": 1, 
      "end": 7, 
      "match": 37, 
      "team": 7
    }
  }, 
  {
    "pk": 290, 
    "model": "tournament_schenkel.schenkelresult", 
    "fields": {
      "scoring": 1, 
      "end": 1, 
      "match": 38, 
      "team": 15
    }
  }, 
  {
    "pk": 293, 
    "model": "tournament_schenkel.schenkelresult", 
    "fields": {
      "scoring": 1, 
      "end": 4, 
      "match": 38, 
      "team": 15
    }
  }, 
  {
    "pk": 294, 
    "model": "tournament_schenkel.schenkelresult", 
    "fields": {
      "scoring": 2, 
      "end": 5, 
      "match": 38, 
      "team": 15
    }
  }, 
  {
    "pk": 297, 
    "model": "tournament_schenkel.schenkelresult", 
    "fields": {
      "scoring": 1, 
      "end": 8, 
      "match": 38, 
      "team": 15
    }
  }, 
  {
    "pk": 291, 
    "model": "tournament_schenkel.schenkelresult", 
    "fields": {
      "scoring": 2, 
      "end": 2, 
      "match": 38, 
      "team": 9
    }
  }, 
  {
    "pk": 292, 
    "model": "tournament_schenkel.schenkelresult", 
    "fields": {
      "scoring": 1, 
      "end": 3, 
      "match": 38, 
      "team": 9
    }
  }, 
  {
    "pk": 295, 
    "model": "tournament_schenkel.schenkelresult", 
    "fields": {
      "scoring": 2, 
      "end": 6, 
      "match": 38, 
      "team": 9
    }
  }, 
  {
    "pk": 296, 
    "model": "tournament_schenkel.schenkelresult", 
    "fields": {
      "scoring": 2, 
      "end": 7, 
      "match": 38, 
      "team": 9
    }
  }, 
  {
    "pk": 299, 
    "model": "tournament_schenkel.schenkelresult", 
    "fields": {
      "scoring": 2, 
      "end": 2, 
      "match": 39, 
      "team": 2
    }
  }, 
  {
    "pk": 301, 
    "model": "tournament_schenkel.schenkelresult", 
    "fields": {
      "scoring": 1, 
      "end": 4, 
      "match": 39, 
      "team": 2
    }
  }, 
  {
    "pk": 303, 
    "model": "tournament_schenkel.schenkelresult", 
    "fields": {
      "scoring": 1, 
      "end": 6, 
      "match": 39, 
      "team": 2
    }
  }, 
  {
    "pk": 305, 
    "model": "tournament_schenkel.schenkelresult", 
    "fields": {
      "scoring": 1, 
      "end": 8, 
      "match": 39, 
      "team": 2
    }
  }, 
  {
    "pk": 298, 
    "model": "tournament_schenkel.schenkelresult", 
    "fields": {
      "scoring": 2, 
      "end": 1, 
      "match": 39, 
      "team": 5
    }
  }, 
  {
    "pk": 300, 
    "model": "tournament_schenkel.schenkelresult", 
    "fields": {
      "scoring": 2, 
      "end": 3, 
      "match": 39, 
      "team": 5
    }
  }, 
  {
    "pk": 302, 
    "model": "tournament_schenkel.schenkelresult", 
    "fields": {
      "scoring": 2, 
      "end": 5, 
      "match": 39, 
      "team": 5
    }
  }, 
  {
    "pk": 304, 
    "model": "tournament_schenkel.schenkelresult", 
    "fields": {
      "scoring": 2, 
      "end": 7, 
      "match": 39, 
      "team": 5
    }
  }
]